currenttime,k,restarts,accuracy
2018-06-01 14:50:53.759702,3,5,0.9551644718468197
2018-06-01 14:50:54.119915,3,4,0.9551644718468197
2018-06-01 14:50:54.467219,3,3,0.9551644718468197
2018-06-01 14:50:54.807068,3,2,0.1738463874600518
2018-06-01 14:50:55.159797,3,99,0.9551644718468197
2018-06-01 14:50:55.500957,3,100,0.9556038994773886
2018-06-01 14:50:58.983827,4,20,0.9139560439560439
2018-06-01 14:50:59.405119,4,10,0.9139560439560439
2018-06-01 14:50:59.798108,4,5,0.9139560439560439
2018-06-01 14:51:00.174841,4,4,0.9139560439560439
2018-06-01 14:51:00.602438,4,3,0.9139560439560439
2018-06-01 14:51:01.201048,4,2,0.9139560439560439
2018-06-01 14:51:01.876621,4,99,0.9139560439560439
2018-06-01 14:51:02.497047,4,100,0.9143956043956043
2018-06-01 14:51:06.217574,5,20,0.8768131868131868
2018-06-01 14:51:06.602857,5,10,0.8768131868131868
2018-06-01 14:51:06.961730,5,5,0.5934065934065933
2018-06-01 14:51:07.467359,5,4,0.5934065934065933
2018-06-01 14:51:07.970753,5,3,0.5934065934065933
2018-06-01 14:51:08.462245,5,2,0.5934065934065933
2018-06-01 14:51:08.826683,5,99,0.8768131868131868
2018-06-01 14:51:09.190164,5,100,0.877032967032967
2018-06-01 14:51:13.325334,6,20,0.8480263157894736
2018-06-01 14:51:13.694678,6,10,0.8480263157894736
2018-06-01 14:51:14.066090,6,5,0.6177779127898902
2018-06-01 14:51:14.431741,6,4,0.6177779127898902
2018-06-01 14:51:14.803959,6,3,0.37968800629542193
2018-06-01 14:51:15.169570,6,2,0.37968800629542193
2018-06-01 14:51:15.563062,6,99,0.8480263157894736
2018-06-01 14:51:15.934740,6,100,0.847916377354997
2018-06-01 14:51:22.157672,7,20,0.8243912016387898
2018-06-01 14:51:22.578755,7,10,0.8243912016387898
2018-06-01 14:51:22.952614,7,5,0.8243912016387898
2018-06-01 14:51:23.331026,7,4,0.8243912016387898
2018-06-01 14:51:23.710232,7,3,0.8243912016387898
2018-06-01 14:51:24.092109,7,2,0.8243912016387898
2018-06-01 14:51:24.498400,7,99,0.8243912016387898
2018-06-01 14:51:24.881432,7,100,0.8246114886550477
2018-06-01 14:51:35.080137,8,20,0.7898886626185981
2018-06-01 14:51:35.459308,8,10,0.7898886626185981
2018-06-01 14:51:35.828324,8,5,0.7899988918954941
2018-06-01 14:51:36.203287,8,4,0.7899988918954941
2018-06-01 14:51:36.584746,8,3,0.7899988918954941
2018-06-01 14:51:36.957405,8,2,0.7899988918954941
2018-06-01 14:51:37.378379,8,99,0.7901083462741342
2018-06-01 14:51:37.768466,8,100,0.7905481010343343
2018-06-01 14:51:41.012566,3,5,0.953407232230421
2018-06-01 14:51:41.350673,3,4,0.953407232230421
2018-06-01 14:51:41.683910,3,3,0.953407232230421
2018-06-01 14:51:42.021495,3,2,0.953407232230421
2018-06-01 14:51:42.379287,3,99,0.953407232230421
2018-06-01 14:51:42.713125,3,100,0.9541762939750925
2018-06-01 14:51:46.045901,4,20,0.904065934065934
2018-06-01 14:51:46.398262,4,10,0.9039560439560439
2018-06-01 14:51:46.765446,4,5,0.9039560439560439
2018-06-01 14:51:47.137348,4,4,0.9039560439560439
2018-06-01 14:51:47.497072,4,3,0.9041758241758242
2018-06-01 14:51:47.846270,4,2,0.9065934065934066
2018-06-01 14:51:48.190445,4,99,0.9045054945054944
2018-06-01 14:51:48.545532,4,100,0.9045054945054944
2018-06-01 14:51:52.420577,5,20,0.8796703296703295
2018-06-01 14:51:52.785500,5,10,0.8796703296703295
2018-06-01 14:51:53.146319,5,5,0.5847252747252747
2018-06-01 14:51:53.506731,5,4,0.5847252747252747
2018-06-01 14:51:53.909831,5,3,0.5847252747252747
2018-06-01 14:51:54.338494,5,2,0.5847252747252747
2018-06-01 14:51:54.765848,5,99,0.8796703296703295
2018-06-01 14:51:55.136662,5,100,0.8796703296703295
2018-06-01 14:52:02.033917,6,20,0.8460480025922325
2018-06-01 14:52:02.466449,6,10,0.8460480025922325
2018-06-01 14:52:02.882172,6,5,0.8460480025922325
2018-06-01 14:52:03.320883,6,4,0.8460480025922325
2018-06-01 14:52:03.734584,6,3,0.8460480025922325
2018-06-01 14:52:04.115195,6,2,0.8460480025922325
2018-06-01 14:52:04.539154,6,99,0.8459380641577559
2018-06-01 14:52:04.937381,6,100,0.8460480025922327
2018-06-01 14:52:12.436889,7,20,0.8195540883683903
2018-06-01 14:52:12.797492,7,10,0.8195540883683903
2018-06-01 14:52:13.172650,7,5,0.8195540883683903
2018-06-01 14:52:13.544581,7,4,0.8195540883683903
2018-06-01 14:52:13.908475,7,3,0.8195540883683903
2018-06-01 14:52:14.267026,7,2,0.8195540883683903
2018-06-01 14:52:14.627938,7,99,0.8195540883683903
2018-06-01 14:52:15.002457,7,100,0.8197740377800257
2018-06-01 14:52:25.253508,8,20,0.8006605232732942
2018-06-01 14:52:25.629289,8,10,0.8005502939963982
2018-06-01 14:52:25.994417,8,5,0.8005506814455262
2018-06-01 14:52:26.357033,8,4,0.8005506814455262
2018-06-01 14:52:26.732871,8,3,0.8005506814455262
2018-06-01 14:52:27.095010,8,2,0.8005506814455262
2018-06-01 14:52:27.481737,8,99,0.8005502939963982
2018-06-01 14:52:27.890212,8,100,0.8009900487565982
2018-06-01 14:52:30.841509,3,5,0.9491206847000435
2018-06-01 14:52:31.188924,3,4,0.9491206847000435
2018-06-01 14:52:31.524137,3,3,0.9491206847000435
2018-06-01 14:52:31.860089,3,2,0.9491206847000435
2018-06-01 14:52:32.202540,3,99,0.9491206847000435
2018-06-01 14:52:32.549289,3,100,0.9493404890741505
2018-06-01 14:52:35.646009,4,20,0.9069230769230769
2018-06-01 14:52:35.986096,4,10,0.9069230769230769
2018-06-01 14:52:36.326925,4,5,0.9069230769230769
2018-06-01 14:52:36.668372,4,4,0.9069230769230769
2018-06-01 14:52:37.011301,4,3,0.9069230769230769
2018-06-01 14:52:37.350306,4,2,0.9089010989010989
2018-06-01 14:52:37.688813,4,99,0.9069230769230769
2018-06-01 14:52:38.032832,4,100,0.9071428571428573
2018-06-01 14:52:42.884452,5,20,0.8771428571428572
2018-06-01 14:52:43.283363,5,10,0.8771428571428572
2018-06-01 14:52:43.744888,5,5,0.8771428571428572
2018-06-01 14:52:44.102298,5,4,0.8771428571428572
2018-06-01 14:52:44.488941,5,3,0.8771428571428572
2018-06-01 14:52:44.835886,5,2,0.4414285714285714
2018-06-01 14:52:45.186337,5,99,0.8771428571428572
2018-06-01 14:52:45.570081,5,100,0.8772527472527472
2018-06-01 14:52:49.825180,6,20,0.8496678702032127
2018-06-01 14:52:50.183296,6,10,0.8496678702032127
2018-06-01 14:52:50.529488,6,5,0.8496678702032127
2018-06-01 14:52:50.877583,6,4,0.8496678702032127
2018-06-01 14:52:51.228319,6,3,0.8496678702032127
2018-06-01 14:52:51.577474,6,2,0.8496678702032127
2018-06-01 14:52:51.924060,6,99,0.8496678702032127
2018-06-01 14:52:52.276118,6,100,0.8499973961949728
2018-06-01 14:52:57.793221,7,20,0.8159389402803183
2018-06-01 14:52:58.159990,7,10,0.8159389402803183
2018-06-01 14:52:58.523894,7,5,0.8159389402803183
2018-06-01 14:52:58.897894,7,4,0.8159389402803183
2018-06-01 14:52:59.272174,7,3,0.8159389402803183
2018-06-01 14:52:59.634502,7,2,0.8159389402803183
2018-06-01 14:52:59.997151,7,99,0.8159389402803183
2018-06-01 14:53:00.372742,7,100,0.8158289655745007
2018-06-01 14:53:10.087972,8,20,0.7897869572225167
2018-06-01 14:53:10.455212,8,10,0.7897869572225167
2018-06-01 14:53:10.818592,8,5,0.7897869572225167
2018-06-01 14:53:11.179661,8,4,0.7897869572225167
2018-06-01 14:53:11.544515,8,3,0.7897869572225167
2018-06-01 14:53:11.908596,8,2,0.7897869572225167
2018-06-01 14:53:12.273725,8,99,0.7896771153947486
2018-06-01 14:53:12.645055,8,100,0.7898971864994127
2018-06-01 14:53:15.539697,3,5,0.950109768159996
2018-06-01 14:53:15.898223,3,4,0.41510588535992027
2018-06-01 14:53:16.234691,3,3,0.41510588535992027
2018-06-01 14:53:16.569408,3,2,0.41510588535992027
2018-06-01 14:53:16.915904,3,99,0.950109768159996
2018-06-01 14:53:17.253406,3,100,0.950109768159996
2018-06-01 14:53:20.431820,4,20,0.9041758241758242
2018-06-01 14:53:20.772166,4,10,0.9041758241758242
2018-06-01 14:53:21.107067,4,5,0.9041758241758242
2018-06-01 14:53:21.459661,4,4,0.9041758241758242
2018-06-01 14:53:21.817674,4,3,0.9041758241758242
2018-06-01 14:53:22.169593,4,2,0.9041758241758242
2018-06-01 14:53:22.500376,4,99,0.9041758241758242
2018-06-01 14:53:22.855122,4,100,0.9042857142857144
2018-06-01 14:53:26.096372,5,20,0.8783516483516483
2018-06-01 14:53:26.461083,5,10,0.8783516483516483
2018-06-01 14:53:26.819133,5,5,0.4467032967032966
2018-06-01 14:53:27.172798,5,4,0.4467032967032966
2018-06-01 14:53:27.527526,5,3,0.4467032967032966
2018-06-01 14:53:27.876035,5,2,0.4467032967032966
2018-06-01 14:53:28.229044,5,99,0.8783516483516483
2018-06-01 14:53:28.588163,5,100,0.8783516483516483
2018-06-01 14:53:32.318498,6,20,0.8459360389760682
2018-06-01 14:53:32.684123,6,10,0.8459360389760682
2018-06-01 14:53:33.044437,6,5,0.8459360389760682
2018-06-01 14:53:33.403034,6,4,0.6132834560014813
2018-06-01 14:53:33.768869,6,3,0.6132834560014813
2018-06-01 14:53:34.128532,6,2,0.6132834560014813
2018-06-01 14:53:34.482174,6,99,0.8459360389760682
2018-06-01 14:53:34.846018,6,100,0.8460456880988753
2018-06-01 14:53:40.854811,7,20,0.8186831518708292
2018-06-01 14:53:41.218406,7,10,0.8186831518708292
2018-06-01 14:53:41.579545,7,5,0.8186831518708292
2018-06-01 14:53:41.935011,7,4,0.8186831518708292
2018-06-01 14:53:42.306085,7,3,0.707721209041514
2018-06-01 14:53:42.658888,7,2,0.33267682438931157
2018-06-01 14:53:43.011927,7,99,0.8186831518708292
2018-06-01 14:53:43.377282,7,100,0.8184632024591939
2018-06-01 14:53:53.029716,8,20,0.7959396493740372
2018-06-01 14:53:53.402192,8,10,0.7959396493740372
2018-06-01 14:53:53.769308,8,5,0.7960494912018052
2018-06-01 14:53:54.130735,8,4,0.7960494912018052
2018-06-01 14:53:54.497869,8,3,0.7959396493740372
2018-06-01 14:53:54.855850,8,2,0.7959396493740372
2018-06-01 14:53:55.224226,8,99,0.7957199657185011
2018-06-01 14:53:55.594201,8,100,0.7967085421684132
2018-06-01 14:53:58.489921,3,5,0.953626674369238
2018-06-01 14:53:58.838436,3,4,0.953626674369238
2018-06-01 14:53:59.167811,3,3,0.953626674369238
2018-06-01 14:53:59.496790,3,2,0.953626674369238
2018-06-01 14:53:59.830179,3,99,0.953626674369238
2018-06-01 14:54:00.163805,3,100,0.9538463700727579
2018-06-01 14:54:03.183429,4,20,0.903956043956044
2018-06-01 14:54:03.547531,4,10,0.903956043956044
2018-06-01 14:54:03.910332,4,5,0.903956043956044
2018-06-01 14:54:04.259839,4,4,0.903956043956044
2018-06-01 14:54:04.617910,4,3,0.903956043956044
2018-06-01 14:54:04.976161,4,2,0.903956043956044
2018-06-01 14:54:05.329546,4,99,0.903956043956044
2018-06-01 14:54:05.701248,4,100,0.9042857142857144
2018-06-01 14:54:08.923950,5,20,0.8786813186813187
2018-06-01 14:54:09.279025,5,10,0.8786813186813187
2018-06-01 14:54:09.628919,5,5,0.8786813186813187
2018-06-01 14:54:09.983881,5,4,0.8786813186813187
2018-06-01 14:54:10.343358,5,3,0.8786813186813187
2018-06-01 14:54:10.693608,5,2,0.4414285714285714
2018-06-01 14:54:11.046507,5,99,0.8786813186813187
2018-06-01 14:54:11.409904,5,100,0.8786813186813187
2018-06-01 14:54:15.223717,6,20,0.8525248229412581
2018-06-01 14:54:15.589715,6,10,0.8525248229412581
2018-06-01 14:54:15.937980,6,5,0.8525248229412581
2018-06-01 14:54:16.290509,6,4,0.8525248229412581
2018-06-01 14:54:16.645161,6,3,0.3769103249548673
2018-06-01 14:54:17.003245,6,2,0.3779084502152479
2018-06-01 14:54:17.353853,6,99,0.8525248229412581
2018-06-01 14:54:17.719333,6,100,0.8525248229412581
2018-06-01 14:54:24.371302,7,20,0.8220775084804366
2018-06-01 14:54:24.743816,7,10,0.8220775084804366
2018-06-01 14:54:25.114505,7,5,0.821967533774619
2018-06-01 14:54:25.480093,7,4,0.821967533774619
2018-06-01 14:54:25.847470,7,3,0.821967533774619
2018-06-01 14:54:26.212664,7,2,0.821967533774619
2018-06-01 14:54:26.584408,7,99,0.821967533774619
2018-06-01 14:54:26.962174,7,100,0.8222974578920719
2018-06-01 14:54:36.668350,8,20,0.7945024068339828
2018-06-01 14:54:37.034133,8,10,0.7943925650062147
2018-06-01 14:54:37.400306,8,5,0.7945024068339828
2018-06-01 14:54:37.765879,8,4,0.7945024068339828
2018-06-01 14:54:38.141022,8,3,0.7945024068339828
2018-06-01 14:54:38.503919,8,2,0.7945024068339828
2018-06-01 14:54:38.866711,8,99,0.7946122486617507
2018-06-01 14:54:39.233863,8,100,0.7949417741450547
2018-06-01 15:00:52.209681,3,5,0.9510997209846455
2018-06-01 15:00:52.707163,3,4,0.9510997209846455
2018-06-01 15:00:53.207492,3,3,0.9510997209846455
2018-06-01 15:00:53.732358,3,2,0.9510997209846455
2018-06-01 15:00:54.327088,3,99,0.9510997209846455
2018-06-01 15:00:57.401333,4,10,0.9082417582417582
2018-06-01 15:00:57.835060,4,5,0.9082417582417582
2018-06-01 15:00:58.198284,4,4,0.9082417582417582
2018-06-01 15:00:58.615087,4,3,0.9082417582417582
2018-06-01 15:00:59.001837,4,2,0.9081318681318682
2018-06-01 15:00:59.432686,4,99,0.9081318681318682
2018-06-01 15:01:02.309950,5,10,0.8791208791208792
2018-06-01 15:01:02.672876,5,5,0.5892307692307692
2018-06-01 15:01:03.070311,5,4,0.5892307692307692
2018-06-01 15:01:03.439060,5,3,0.5892307692307692
2018-06-01 15:01:03.804525,5,2,0.5892307692307692
2018-06-01 15:01:04.239609,5,99,0.8792307692307691
2018-06-01 15:01:07.442787,6,10,0.8430730106929594
2018-06-01 15:01:07.812679,6,5,0.8430730106929594
2018-06-01 15:01:08.177059,6,4,0.8430730106929594
2018-06-01 15:01:08.534796,6,3,0.8430730106929594
2018-06-01 15:01:08.908653,6,2,0.8430730106929594
2018-06-01 15:01:09.297570,6,99,0.8430730106929594
2018-06-01 15:01:12.672267,7,10,0.81626041883697
2018-06-01 15:01:13.050905,7,5,0.81626041883697
2018-06-01 15:01:13.422821,7,4,0.81626041883697
2018-06-01 15:01:13.791945,7,3,0.3410317778273857
2018-06-01 15:01:14.170454,7,2,0.3410317778273857
2018-06-01 15:01:14.545863,7,99,0.81626041883697
2018-06-01 15:01:21.318154,8,10,0.7923106071172855
2018-06-01 15:01:21.703516,8,5,0.7924208363941815
2018-06-01 15:01:22.071145,8,4,0.7924208363941815
2018-06-01 15:01:22.442280,8,3,0.7923106071172855
2018-06-01 15:01:22.819341,8,2,0.7923106071172855
2018-06-01 15:01:23.197650,8,99,0.7925306782219494
2018-06-01 15:01:26.242305,3,5,0.9518683118234397
2018-06-01 15:01:26.595205,3,4,0.9518683118234397
2018-06-01 15:01:26.955614,3,3,0.951758409636386
2018-06-01 15:01:27.318357,3,2,0.1763739566446377
2018-06-01 15:01:27.683570,3,99,0.951758409636386
2018-06-01 15:01:30.521268,4,10,0.9089010989010988
2018-06-01 15:01:30.886234,4,5,0.9089010989010988
2018-06-01 15:01:31.238817,4,4,0.9089010989010988
2018-06-01 15:01:31.583342,4,3,0.9089010989010988
2018-06-01 15:01:31.933300,4,2,0.9089010989010988
2018-06-01 15:01:32.280619,4,99,0.9089010989010988
2018-06-01 15:01:35.119606,5,10,0.8748351648351648
2018-06-01 15:01:35.487305,5,5,0.8748351648351648
2018-06-01 15:01:35.875437,5,4,0.8748351648351648
2018-06-01 15:01:36.251337,5,3,0.8748351648351648
2018-06-01 15:01:36.623928,5,2,0.8748351648351648
2018-06-01 15:01:36.979007,5,99,0.8748351648351648
2018-06-01 15:01:40.256072,6,10,0.8532946812942647
2018-06-01 15:01:40.621378,6,5,0.8532946812942647
2018-06-01 15:01:40.982616,6,4,0.8532946812942647
2018-06-01 15:01:41.346138,6,3,0.8532946812942647
2018-06-01 15:01:41.732336,6,2,0.8532946812942647
2018-06-01 15:01:42.123557,6,99,0.8532946812942647
2018-06-01 15:01:45.721324,7,10,0.8216353290757089
2018-06-01 15:01:46.093921,7,5,0.8216353290757089
2018-06-01 15:01:46.472752,7,4,0.8216353290757089
2018-06-01 15:01:46.847172,7,3,0.8216353290757089
2018-06-01 15:01:47.229368,7,2,0.8216353290757089
2018-06-01 15:01:47.609208,7,99,0.8216353290757089
2018-06-01 15:01:53.874717,8,10,0.7978054106495818
2018-06-01 15:01:54.287446,8,5,0.7978054106495818
2018-06-01 15:01:54.684894,8,4,0.7978054106495818
2018-06-01 15:01:55.055714,8,3,0.7978054106495818
2018-06-01 15:01:55.429565,8,2,0.7978054106495818
2018-06-01 15:01:55.806461,8,99,0.7979152524773498
2018-06-01 15:01:58.970532,3,5,0.9515383154740468
2018-06-01 15:01:59.325355,3,4,0.9515383154740468
2018-06-01 15:01:59.662380,3,3,0.9515383154740468
2018-06-01 15:02:00.006038,3,2,0.9515383154740468
2018-06-01 15:02:00.365980,3,99,0.9515383154740468
2018-06-01 15:02:03.221430,4,10,0.9043956043956044
2018-06-01 15:02:03.591386,4,5,0.9043956043956044
2018-06-01 15:02:03.950899,4,4,0.9043956043956044
2018-06-01 15:02:04.291724,4,3,0.9043956043956044
2018-06-01 15:02:04.649037,4,2,0.9043956043956044
2018-06-01 15:02:04.987812,4,99,0.9043956043956044
2018-06-01 15:02:07.777443,5,10,0.8756043956043957
2018-06-01 15:02:08.162912,5,5,0.8756043956043957
2018-06-01 15:02:08.530241,5,4,0.8756043956043957
2018-06-01 15:02:08.891748,5,3,0.8756043956043957
2018-06-01 15:02:09.258836,5,2,0.4417582417582417
2018-06-01 15:02:09.626140,5,99,0.8756043956043957
2018-06-01 15:02:12.798263,6,10,0.8401095912604731
2018-06-01 15:02:13.166308,6,5,0.8401095912604731
2018-06-01 15:02:13.531190,6,4,0.8401095912604731
2018-06-01 15:02:13.899638,6,3,0.6094408184048512
2018-06-01 15:02:14.272239,6,2,0.6094408184048512
2018-06-01 15:02:14.651828,6,99,0.8401095912604731
2018-06-01 15:02:20.144120,7,10,0.8219731093071826
2018-06-01 15:02:20.545324,7,5,0.8219731093071826
2018-06-01 15:02:20.938424,7,4,0.8219731093071826
2018-06-01 15:02:21.326535,7,3,0.8219731093071826
2018-06-01 15:02:21.730209,7,2,0.8219731093071826
2018-06-01 15:02:22.124344,7,99,0.821863134601365
2018-06-01 15:02:28.254024,8,10,0.7916515561506775
2018-06-01 15:02:28.624851,8,5,0.7915417143229094
2018-06-01 15:02:28.989097,8,4,0.7915417143229094
2018-06-01 15:02:29.349585,8,3,0.7915417143229094
2018-06-01 15:02:29.717526,8,2,0.7915417143229094
2018-06-01 15:02:30.073572,8,99,0.7917613979784455
2018-06-01 15:02:33.041694,3,5,0.9494512244023715
2018-06-01 15:02:33.408344,3,4,0.9494512244023715
2018-06-01 15:02:33.750866,3,3,0.9494512244023715
2018-06-01 15:02:34.082591,3,2,0.9494512244023715
2018-06-01 15:02:34.427237,3,99,0.9494512244023715
2018-06-01 15:02:37.243980,4,10,0.9017582417582417
2018-06-01 15:02:37.609163,4,5,0.9017582417582417
2018-06-01 15:02:37.955382,4,4,0.9017582417582417
2018-06-01 15:02:38.371613,4,3,0.9017582417582417
2018-06-01 15:02:38.742046,4,2,0.9017582417582417
2018-06-01 15:02:39.110865,4,99,0.9017582417582417
2018-06-01 15:02:42.039138,5,10,0.8775824175824176
2018-06-01 15:02:42.423092,5,5,0.8775824175824176
2018-06-01 15:02:42.795907,5,4,0.8775824175824176
2018-06-01 15:02:43.168778,5,3,0.8775824175824176
2018-06-01 15:02:43.529107,5,2,0.8775824175824176
2018-06-01 15:02:43.901709,5,99,0.8774725274725274
2018-06-01 15:02:46.960908,6,10,0.8524180669351479
2018-06-01 15:02:47.321341,6,5,0.8524180669351479
2018-06-01 15:02:47.678267,6,4,0.8524180669351479
2018-06-01 15:02:48.033192,6,3,0.8524180669351479
2018-06-01 15:02:48.404587,6,2,0.8524180669351479
2018-06-01 15:02:48.770430,6,99,0.8524180669351479
2018-06-01 15:02:53.106444,7,10,0.8249402338789393
2018-06-01 15:02:53.504125,7,5,0.8249402338789393
2018-06-01 15:02:53.877285,7,4,0.8249402338789393
2018-06-01 15:02:54.255559,7,3,0.8249402338789393
2018-06-01 15:02:54.642642,7,2,0.8249402338789393
2018-06-01 15:02:55.027344,7,99,0.8251601832905747
2018-06-01 15:03:01.510790,8,10,0.7904339972661589
2018-06-01 15:03:01.882655,8,5,0.7903245428875189
2018-06-01 15:03:02.255876,8,4,0.7903245428875189
2018-06-01 15:03:02.619267,8,3,0.7903245428875189
2018-06-01 15:03:02.994051,8,2,0.7903245428875189
2018-06-01 15:03:03.361512,8,99,0.7905442265430549
2018-06-01 15:03:06.385509,3,5,0.9507693261764333
2018-06-01 15:03:06.736455,3,4,0.9507693261764333
2018-06-01 15:03:07.080331,3,3,0.9507693261764333
2018-06-01 15:03:07.432021,3,2,0.9507693261764333
2018-06-01 15:03:07.780863,3,99,0.9507693261764333
2018-06-01 15:03:10.555421,4,10,0.9112087912087912
2018-06-01 15:03:10.903502,4,5,0.9112087912087912
2018-06-01 15:03:11.283267,4,4,0.9112087912087912
2018-06-01 15:03:11.628637,4,3,0.9112087912087912
2018-06-01 15:03:11.977612,4,2,0.9112087912087912
2018-06-01 15:03:12.319945,4,99,0.9112087912087912
2018-06-01 15:03:15.021886,5,10,0.8797802197802198
2018-06-01 15:03:15.414196,5,5,0.8797802197802198
2018-06-01 15:03:15.775357,5,4,0.8797802197802198
2018-06-01 15:03:16.130614,5,3,0.8797802197802198
2018-06-01 15:03:16.491501,5,2,0.8797802197802198
2018-06-01 15:03:16.845317,5,99,0.8797802197802198
2018-06-01 15:03:19.982272,6,10,0.8517549645882516
2018-06-01 15:03:20.354405,6,5,0.8517549645882516
2018-06-01 15:03:20.733024,6,4,0.8517549645882516
2018-06-01 15:03:21.091563,6,3,0.8517549645882516
2018-06-01 15:03:21.466658,6,2,0.8517549645882516
2018-06-01 15:03:21.832495,6,99,0.8517549645882516
2018-06-01 15:03:27.017792,7,10,0.8241761447715644
2018-06-01 15:03:27.421013,7,5,0.8241761447715644
2018-06-01 15:03:27.798635,7,4,0.8241761447715644
2018-06-01 15:03:28.179318,7,3,0.8241761447715644
2018-06-01 15:03:28.561445,7,2,0.8241761447715644
2018-06-01 15:03:28.926529,7,99,0.8241761447715644
2018-06-01 15:03:35.578691,8,10,0.8013160871977509
2018-06-01 15:03:35.960348,8,5,0.8013160871977509
2018-06-01 15:03:36.337329,8,4,0.8013160871977509
2018-06-01 15:03:36.724141,8,3,0.8013160871977509
2018-06-01 15:03:37.112430,8,2,0.8013160871977509
2018-06-01 15:03:37.506746,8,99,0.8013160871977509
2018-06-01 15:03:40.468894,3,5,0.9492309853459163
2018-06-01 15:03:40.810816,3,4,0.9492309853459163
2018-06-01 15:03:41.151631,3,3,0.9492309853459163
2018-06-01 15:03:41.485849,3,2,0.9492309853459163
2018-06-01 15:03:41.848449,3,99,0.9492309853459163
2018-06-01 15:03:44.620070,4,10,0.9105494505494506
2018-06-01 15:03:44.976395,4,5,0.9114285714285715
2018-06-01 15:03:45.348085,4,4,0.9114285714285715
2018-06-01 15:03:45.699456,4,3,0.9114285714285715
2018-06-01 15:03:46.054309,4,2,0.9114285714285715
2018-06-01 15:03:46.403665,4,99,0.9105494505494506
2018-06-01 15:03:49.199605,5,10,0.878901098901099
2018-06-01 15:03:49.556502,5,5,0.878901098901099
2018-06-01 15:03:49.915595,5,4,0.44219780219780214
2018-06-01 15:03:50.277604,5,3,0.44219780219780214
2018-06-01 15:03:50.667074,5,2,0.44219780219780214
2018-06-01 15:03:51.038186,5,99,0.878901098901099
2018-06-01 15:03:54.581513,6,10,0.8488988797852149
2018-06-01 15:03:54.939626,6,5,0.8488988797852149
2018-06-01 15:03:55.308231,6,4,0.8488988797852149
2018-06-01 15:03:55.699645,6,3,0.6206666898116002
2018-06-01 15:03:56.058443,6,2,0.6206666898116002
2018-06-01 15:03:56.453024,6,99,0.8488988797852149
2018-06-01 15:04:00.591849,7,10,0.823074545166363
2018-06-01 15:04:00.995437,7,5,0.823074545166363
2018-06-01 15:04:01.373660,7,4,0.823074545166363
2018-06-01 15:04:01.748208,7,3,0.823074545166363
2018-06-01 15:04:02.136409,7,2,0.823074545166363
2018-06-01 15:04:02.509088,7,99,0.823074545166363
2018-06-01 15:04:08.473256,8,10,0.7902224500423094
2018-06-01 15:04:08.841053,8,5,0.7902224500423094
2018-06-01 15:04:09.215743,8,4,0.7902224500423094
2018-06-01 15:04:09.592425,8,3,0.7902224500423094
2018-06-01 15:04:09.965893,8,2,0.7902224500423094
2018-06-01 15:04:10.333142,8,99,0.7901126082145414
2018-06-01 15:04:13.302144,3,5,0.9496697971764919
2018-06-01 15:04:13.658660,3,4,0.9496697971764919
2018-06-01 15:04:14.014497,3,3,0.9496697971764919
2018-06-01 15:04:14.357136,3,2,0.9496697971764919
2018-06-01 15:04:14.727563,3,99,0.9496697971764919
2018-06-01 15:04:17.549567,4,10,0.9095604395604395
2018-06-01 15:04:17.909798,4,5,0.9095604395604395
2018-06-01 15:04:18.277422,4,4,0.9095604395604395
2018-06-01 15:04:18.614536,4,3,0.5341758241758241
2018-06-01 15:04:18.971954,4,2,0.5341758241758241
2018-06-01 15:04:19.319475,4,99,0.9095604395604395
2018-06-01 15:04:22.194137,5,10,0.8798901098901097
2018-06-01 15:04:22.595991,5,5,0.8798901098901097
2018-06-01 15:04:22.965024,5,4,0.8798901098901097
2018-06-01 15:04:23.341028,5,3,0.8798901098901097
2018-06-01 15:04:23.701634,5,2,0.8798901098901097
2018-06-01 15:04:24.083747,5,99,0.8798901098901097
2018-06-01 15:04:27.385873,6,10,0.8462641184094801
2018-06-01 15:04:27.758480,6,5,0.8462641184094801
2018-06-01 15:04:28.119914,6,4,0.8462641184094801
2018-06-01 15:04:28.482549,6,3,0.8462641184094801
2018-06-01 15:04:28.849488,6,2,0.8462641184094801
2018-06-01 15:04:29.213403,6,99,0.8462641184094801
2018-06-01 15:04:33.073641,7,10,0.8213183251416158
2018-06-01 15:04:33.454034,7,5,0.8213183251416158
2018-06-01 15:04:33.831503,7,4,0.8213183251416158
2018-06-01 15:04:34.208045,7,3,0.8213183251416158
2018-06-01 15:04:34.585114,7,2,0.8213183251416158
2018-06-01 15:04:34.955462,7,99,0.8215379369486285
2018-06-01 15:04:40.669344,8,10,0.7950562653623579
2018-06-01 15:04:41.036191,8,5,0.7950562653623579
2018-06-01 15:04:41.399796,8,4,0.7950562653623579
2018-06-01 15:04:41.767860,8,3,0.7950562653623579
2018-06-01 15:04:42.141818,8,2,0.7951661071901259
2018-06-01 15:04:42.501229,8,99,0.795056265362358
2018-06-01 15:04:45.459528,3,5,0.9486814381871196
2018-06-01 15:04:45.812685,3,4,0.9486814381871196
2018-06-01 15:04:46.152445,3,3,0.9486814381871196
2018-06-01 15:04:46.490417,3,2,0.9486814381871196
2018-06-01 15:04:46.839493,3,99,0.9486814381871196
2018-06-01 15:04:49.541179,4,10,0.9081318681318682
2018-06-01 15:04:49.908789,4,5,0.9081318681318682
2018-06-01 15:04:50.253325,4,4,0.9081318681318682
2018-06-01 15:04:50.595805,4,3,0.9081318681318682
2018-06-01 15:04:50.947924,4,2,0.9081318681318682
2018-06-01 15:04:51.292816,4,99,0.9081318681318682
2018-06-01 15:04:53.988978,5,10,0.8740659340659341
2018-06-01 15:04:54.344359,5,5,0.8740659340659341
2018-06-01 15:04:54.701530,5,4,0.8740659340659341
2018-06-01 15:04:55.059376,5,3,0.8740659340659341
2018-06-01 15:04:55.423629,5,2,0.5829670329670329
2018-06-01 15:04:55.780396,5,99,0.8740659340659341
2018-06-01 15:04:58.813150,6,10,0.8502195875572837
2018-06-01 15:04:59.188322,6,5,0.8502195875572837
2018-06-01 15:04:59.548839,6,4,0.8502195875572837
2018-06-01 15:04:59.915405,6,3,0.8502195875572837
2018-06-01 15:05:00.294159,6,2,0.8502195875572837
2018-06-01 15:05:00.665358,6,99,0.8502195875572837
2018-06-01 15:05:05.274484,7,10,0.8261501209447362
2018-06-01 15:05:05.650387,7,5,0.8261501209447362
2018-06-01 15:05:06.019666,7,4,0.8261501209447362
2018-06-01 15:05:06.386995,7,3,0.8261501209447362
2018-06-01 15:05:06.763155,7,2,0.8261501209447362
2018-06-01 15:05:07.141715,7,99,0.8261501209447362
2018-06-01 15:05:12.909362,8,10,0.7929712078804053
2018-06-01 15:05:13.291053,8,5,0.7929712078804053
2018-06-01 15:05:13.653550,8,4,0.7929712078804053
2018-06-01 15:05:14.015790,8,3,0.7929712078804053
2018-06-01 15:05:14.382952,8,2,0.7929712078804053
2018-06-01 15:05:14.745416,8,99,0.7927515242248693
2018-06-01 15:05:17.687388,3,5,0.9512088624775893
2018-06-01 15:05:18.036062,3,4,0.9512088624775893
2018-06-01 15:05:18.376087,3,3,0.9512088624775893
2018-06-01 15:05:18.719266,3,2,0.9512088624775893
2018-06-01 15:05:19.069342,3,99,0.9512088624775893
2018-06-01 15:05:21.817921,4,10,0.9075824175824175
2018-06-01 15:05:22.162230,4,5,0.9075824175824175
2018-06-01 15:05:22.502204,4,4,0.9075824175824175
2018-06-01 15:05:22.839934,4,3,0.9075824175824175
2018-06-01 15:05:23.189607,4,2,0.9075824175824175
2018-06-01 15:05:23.523746,4,99,0.9075824175824175
2018-06-01 15:05:26.203912,5,10,0.8756043956043957
2018-06-01 15:05:26.570464,5,5,0.872967032967033
2018-06-01 15:05:26.929483,5,4,0.872967032967033
2018-06-01 15:05:27.291458,5,3,0.872967032967033
2018-06-01 15:05:27.659880,5,2,0.872967032967033
2018-06-01 15:05:28.016046,5,99,0.8756043956043957
2018-06-01 15:05:31.157637,6,10,0.8542878882562608
2018-06-01 15:05:31.518020,6,5,0.8542878882562608
2018-06-01 15:05:31.873274,6,4,0.8542878882562608
2018-06-01 15:05:32.232342,6,3,0.8542878882562608
2018-06-01 15:05:32.596516,6,2,0.8542878882562608
2018-06-01 15:05:32.959413,6,99,0.8542878882562608
2018-06-01 15:05:37.448178,7,10,0.8184634581908062
2018-06-01 15:05:37.866136,7,5,0.8184634581908062
2018-06-01 15:05:38.249394,7,4,0.8184634581908062
2018-06-01 15:05:38.621851,7,3,0.8184634581908062
2018-06-01 15:05:39.002077,7,2,0.8184634581908062
2018-06-01 15:05:39.387802,7,99,0.8184634581908062
2018-06-01 15:05:45.591092,8,10,0.7969262885783097
2018-06-01 15:05:45.967809,8,5,0.7969262885783097
2018-06-01 15:05:46.339921,8,4,0.7969262885783097
2018-06-01 15:05:46.715875,8,3,0.7969262885783097
2018-06-01 15:05:47.094071,8,2,0.7969262885783097
2018-06-01 15:05:47.464985,8,99,0.7970361304060778
2018-06-01 15:05:50.429828,3,5,0.9514281959458192
2018-06-01 15:05:50.779518,3,4,0.9514281959458192
2018-06-01 15:05:51.122342,3,3,0.9514281959458192
2018-06-01 15:05:51.462024,3,2,0.9514281959458192
2018-06-01 15:05:51.815973,3,99,0.9514281959458192
2018-06-01 15:05:54.621039,4,10,0.9035164835164835
2018-06-01 15:05:54.965794,4,5,0.9035164835164835
2018-06-01 15:05:55.304334,4,4,0.9035164835164835
2018-06-01 15:05:55.646219,4,3,0.9035164835164835
2018-06-01 15:05:55.990712,4,2,0.9035164835164835
2018-06-01 15:05:56.329837,4,99,0.9035164835164835
2018-06-01 15:05:59.015011,5,10,0.8646153846153848
2018-06-01 15:05:59.391044,5,5,0.8646153846153848
2018-06-01 15:05:59.753097,5,4,0.8646153846153848
2018-06-01 15:06:00.115163,5,3,0.8646153846153848
2018-06-01 15:06:00.490651,5,2,0.8646153846153848
2018-06-01 15:06:00.851854,5,99,0.8646153846153848
2018-06-01 15:06:03.816580,6,10,0.8474777808637689
2018-06-01 15:06:04.187458,6,5,0.8474777808637689
2018-06-01 15:06:04.547426,6,4,0.8474777808637689
2018-06-01 15:06:04.910986,6,3,0.8474777808637689
2018-06-01 15:06:05.280054,6,2,0.8474777808637689
2018-06-01 15:06:05.647384,6,99,0.8474777808637689
2018-06-01 15:06:09.750571,7,10,0.819231172075002
2018-06-01 15:06:10.125306,7,5,0.819231172075002
2018-06-01 15:06:10.502413,7,4,0.819231172075002
2018-06-01 15:06:10.876058,7,3,0.819231172075002
2018-06-01 15:06:11.259249,7,2,0.819231172075002
2018-06-01 15:06:11.645884,7,99,0.819231172075002
2018-06-01 15:06:17.381809,8,10,0.7869237081671177
2018-06-01 15:06:17.762057,8,5,0.7869237081671177
2018-06-01 15:06:18.131691,8,4,0.7869237081671177
2018-06-01 15:06:18.511955,8,3,0.7869237081671177
2018-06-01 15:06:18.892099,8,2,0.7869237081671177
2018-06-01 15:06:19.269205,8,99,0.7870335499948857
2018-06-01 15:32:30.510720,3,5,0.9531867758327915
2018-06-01 15:32:30.861104,3,4,0.9531867758327915
2018-06-01 15:32:31.212324,3,3,0.9531867758327915
2018-06-01 15:32:31.591817,3,2,0.9546153593703713
2018-06-01 15:32:32.017614,3,99,0.9531867758327915
2018-06-01 15:32:35.175999,4,10,0.9075824175824175
2018-06-01 15:32:35.785649,4,5,0.9075824175824175
2018-06-01 15:32:36.151536,4,4,0.9075824175824175
2018-06-01 15:32:36.656946,4,3,0.9075824175824175
2018-06-01 15:32:37.087498,4,2,0.9075824175824175
2018-06-01 15:32:37.551386,4,99,0.9075824175824175
2018-06-01 15:32:41.515636,5,10,0.8734065934065935
2018-06-01 15:32:42.030298,5,5,0.8734065934065935
2018-06-01 15:32:42.527879,5,4,0.8734065934065935
2018-06-01 15:32:42.999378,5,3,0.8734065934065935
2018-06-01 15:32:43.372045,5,2,0.8734065934065935
2018-06-01 15:32:43.736238,5,99,0.8734065934065935
2018-06-01 15:32:47.409695,6,10,0.8494471253992502
2018-06-01 15:32:47.796778,6,5,0.8494471253992502
2018-06-01 15:32:48.198960,6,4,0.8494471253992502
2018-06-01 15:32:48.785767,6,3,0.8494471253992502
2018-06-01 15:32:49.173323,6,2,0.3795690991991853
2018-06-01 15:32:49.667348,6,99,0.8494471253992502
2018-06-01 15:32:53.449797,7,10,0.8233053836883869
2018-06-01 15:32:53.830219,7,5,0.8233053836883869
2018-06-01 15:32:54.199923,7,4,0.8233053836883869
2018-06-01 15:32:54.646906,7,3,0.8233053836883869
2018-06-01 15:32:55.031303,7,2,0.8233053836883869
2018-06-01 15:32:55.423200,7,99,0.8233053836883869
2018-06-01 15:33:03.606451,8,10,0.7919865059217724
2018-06-01 15:33:04.079539,8,5,0.7919865059217724
2018-06-01 15:33:04.623871,8,4,0.7919865059217724
2018-06-01 15:33:05.008407,8,3,0.7919865059217724
2018-06-01 15:33:05.519597,8,2,0.7919865059217724
2018-06-01 15:33:05.903415,8,99,0.7919865059217724
2018-06-01 15:33:08.930385,3,5,0.9527472757551646
2018-06-01 15:33:09.294850,3,4,0.9527472757551646
2018-06-01 15:33:09.649104,3,3,0.9527472757551646
2018-06-01 15:33:09.980302,3,2,0.9527472757551646
2018-06-01 15:33:10.344373,3,99,0.9527472757551646
2018-06-01 15:33:13.163699,4,10,0.9104395604395603
2018-06-01 15:33:13.514189,4,5,0.9104395604395603
2018-06-01 15:33:13.857518,4,4,0.9104395604395603
2018-06-01 15:33:14.206239,4,3,0.9104395604395603
2018-06-01 15:33:14.571396,4,2,0.9104395604395603
2018-06-01 15:33:14.928595,4,99,0.9104395604395603
2018-06-01 15:33:17.758570,5,10,0.8776923076923075
2018-06-01 15:33:18.134441,5,5,0.8776923076923075
2018-06-01 15:33:18.487587,5,4,0.43582417582417576
2018-06-01 15:33:18.843316,5,3,0.43582417582417576
2018-06-01 15:33:19.205550,5,2,0.29285714285714287
2018-06-01 15:33:19.564553,5,99,0.8776923076923075
2018-06-01 15:33:22.845618,6,10,0.8487898092857473
2018-06-01 15:33:23.210596,6,5,0.8487898092857473
2018-06-01 15:33:23.585098,6,4,0.8487898092857473
2018-06-01 15:33:23.963778,6,3,0.8487898092857473
2018-06-01 15:33:24.340650,6,2,0.8487898092857473
2018-06-01 15:33:24.732223,6,99,0.8487898092857473
2018-06-01 15:33:28.808080,7,10,0.8159429049954341
2018-06-01 15:33:29.184307,7,5,0.8159429049954341
2018-06-01 15:33:29.572069,7,4,0.8159429049954341
2018-06-01 15:33:29.946866,7,3,0.8159429049954341
2018-06-01 15:33:30.313518,7,2,0.8159429049954341
2018-06-01 15:33:30.675872,7,99,0.8159429049954341
2018-06-01 15:33:37.109004,8,10,0.7987874004643191
2018-06-01 15:33:37.699457,8,5,0.7987874004643191
2018-06-01 15:33:38.312721,8,4,0.7987874004643191
2018-06-01 15:33:38.876848,8,3,0.7987874004643191
2018-06-01 15:33:39.482329,8,2,0.7987874004643191
2018-06-01 15:33:40.038967,8,99,0.7987874004643191
2018-06-01 15:33:43.835690,3,5,0.9518679495881494
2018-06-01 15:33:44.208737,3,4,0.9518679495881494
2018-06-01 15:33:44.557576,3,3,0.9518679495881494
2018-06-01 15:33:44.899790,3,2,0.9518679495881494
2018-06-01 15:33:45.254813,3,99,0.9518679495881494
2018-06-01 15:33:48.134672,4,10,0.9035164835164836
2018-06-01 15:33:48.484224,4,5,0.9035164835164836
2018-06-01 15:33:48.828073,4,4,0.9035164835164836
2018-06-01 15:33:49.176647,4,3,0.9035164835164836
2018-06-01 15:33:49.669201,4,2,0.9035164835164836
2018-06-01 15:33:50.196360,4,99,0.9035164835164836
2018-06-01 15:33:54.337416,5,10,0.8827472527472526
2018-06-01 15:33:54.819174,5,5,0.8827472527472526
2018-06-01 15:33:55.369693,5,4,0.8827472527472526
2018-06-01 15:33:55.754607,5,3,0.8827472527472526
2018-06-01 15:33:56.148132,5,2,0.8827472527472526
2018-06-01 15:33:56.523753,5,99,0.8827472527472526
2018-06-01 15:33:59.579153,6,10,0.8504449613479609
2018-06-01 15:33:59.943480,6,5,0.8504449613479609
2018-06-01 15:34:00.318358,6,4,0.8504449613479609
2018-06-01 15:34:00.694447,6,3,0.8504449613479609
2018-06-01 15:34:01.061592,6,2,0.8504449613479609
2018-06-01 15:34:01.432573,6,99,0.8504449613479609
2018-06-01 15:34:05.065588,7,10,0.8210973644718944
2018-06-01 15:34:05.564935,7,5,0.8210973644718944
2018-06-01 15:34:06.175292,7,4,0.8210973644718944
2018-06-01 15:34:06.770234,7,3,0.8210973644718944
2018-06-01 15:34:07.370943,7,2,0.8210973644718944
2018-06-01 15:34:07.949384,7,99,0.8210973644718944
2018-06-01 15:34:15.584087,8,10,0.796809085217111
2018-06-01 15:34:15.984352,8,5,0.796809085217111
2018-06-01 15:34:16.383418,8,4,0.796809085217111
2018-06-01 15:34:16.743881,8,3,0.796809085217111
2018-06-01 15:34:17.107788,8,2,0.796809085217111
2018-06-01 15:34:17.485316,8,99,0.796919314494007
2018-06-01 15:34:21.661369,3,5,0.9535162650527781
2018-06-01 15:34:22.210563,3,4,0.9535162650527781
2018-06-01 15:34:22.761552,3,3,0.9535162650527781
2018-06-01 15:34:23.260487,3,2,0.9535162650527781
2018-06-01 15:34:23.722063,3,99,0.9535162650527781
2018-06-01 15:34:26.927959,4,10,0.9113186813186812
2018-06-01 15:34:27.310107,4,5,0.9113186813186812
2018-06-01 15:34:27.664457,4,4,0.9113186813186812
2018-06-01 15:34:28.229896,4,3,0.9113186813186812
2018-06-01 15:34:28.677756,4,2,0.9113186813186812
2018-06-01 15:34:29.279581,4,99,0.9113186813186812
2018-06-01 15:34:32.339668,5,10,0.8748351648351648
2018-06-01 15:34:32.710409,5,5,0.8747252747252748
2018-06-01 15:34:33.079256,5,4,0.8747252747252748
2018-06-01 15:34:33.455335,5,3,0.8747252747252748
2018-06-01 15:34:33.822908,5,2,0.8747252747252748
2018-06-01 15:34:34.193260,5,99,0.8748351648351648
2018-06-01 15:34:37.267082,6,10,0.8495663218071563
2018-06-01 15:34:37.632882,6,5,0.8495663218071563
2018-06-01 15:34:38.012949,6,4,0.8495663218071563
2018-06-01 15:34:38.370928,6,3,0.37615666805536274
2018-06-01 15:34:38.735605,6,2,0.37615666805536274
2018-06-01 15:34:39.109085,6,99,0.8495663218071563
2018-06-01 15:34:43.370713,7,10,0.816372756775146
2018-06-01 15:34:43.747055,7,5,0.816372756775146
2018-06-01 15:34:44.109849,7,4,0.816372756775146
2018-06-01 15:34:44.470274,7,3,0.816372756775146
2018-06-01 15:34:44.843972,7,2,0.816372756775146
2018-06-01 15:34:45.215289,7,99,0.8162627820693283
2018-06-01 15:34:51.675194,8,10,0.7933034455076049
2018-06-01 15:34:52.051487,8,5,0.7933034455076049
2018-06-01 15:34:52.424111,8,4,0.7933034455076049
2018-06-01 15:34:52.804753,8,3,0.7933034455076049
2018-06-01 15:34:53.177517,8,2,0.7933034455076049
2018-06-01 15:34:53.642515,8,99,0.7929739200243009
2018-06-01 15:34:57.930198,3,5,0.9504392573799826
2018-06-01 15:34:58.514602,3,4,0.9504392573799826
2018-06-01 15:34:58.987180,3,3,0.9504392573799826
2018-06-01 15:34:59.451170,3,2,0.9504392573799826
2018-06-01 15:34:59.823355,3,99,0.9504392573799826
2018-06-01 15:35:02.963748,4,10,0.907032967032967
2018-06-01 15:35:03.348658,4,5,0.907032967032967
2018-06-01 15:35:03.981108,4,4,0.907032967032967
2018-06-01 15:35:04.398088,4,3,0.907032967032967
2018-06-01 15:35:04.730672,4,2,0.5375824175824175
2018-06-01 15:35:05.190537,4,99,0.907032967032967
2018-06-01 15:35:08.049263,5,10,0.8834065934065933
2018-06-01 15:35:08.443702,5,5,0.8834065934065933
2018-06-01 15:35:08.867961,5,4,0.8834065934065933
2018-06-01 15:35:09.251834,5,3,0.8834065934065933
2018-06-01 15:35:09.620059,5,2,0.8834065934065933
2018-06-01 15:35:09.995112,5,99,0.8834065934065933
2018-06-01 15:35:13.855015,6,10,0.8463714530389298
2018-06-01 15:35:14.323837,6,5,0.8463714530389298
2018-06-01 15:35:14.874124,6,4,0.8463714530389298
2018-06-01 15:35:15.314094,6,3,0.8463714530389298
2018-06-01 15:35:15.778074,6,2,0.8463714530389298
2018-06-01 15:35:16.173549,6,99,0.8463714530389298
2018-06-01 15:35:20.601012,7,10,0.8186720943470748
2018-06-01 15:35:20.979203,7,5,0.8186720943470748
2018-06-01 15:35:21.346152,7,4,0.8186720943470748
2018-06-01 15:35:21.711329,7,3,0.8186720943470748
2018-06-01 15:35:22.198857,7,2,0.8186720943470748
2018-06-01 15:35:22.670104,7,99,0.8186720943470748
2018-06-01 15:35:32.889671,8,10,0.7952685874844634
2018-06-01 15:35:33.349517,8,5,0.7952685874844634
2018-06-01 15:35:33.840121,8,4,0.7952685874844634
2018-06-01 15:35:34.424479,8,3,0.7952685874844634
2018-06-01 15:35:34.858493,8,2,0.7953788167613591
2018-06-01 15:35:35.492042,8,99,0.7950489038289272
2018-06-01 15:35:39.069324,3,5,0.946372622894299
2018-06-01 15:35:39.444696,3,4,0.946372622894299
2018-06-01 15:35:39.790617,3,3,0.946372622894299
2018-06-01 15:35:40.147396,3,2,0.946372622894299
2018-06-01 15:35:40.526049,3,99,0.946372622894299
2018-06-01 15:35:44.262262,4,10,0.9093406593406592
2018-06-01 15:35:44.849873,4,5,0.9093406593406592
2018-06-01 15:35:45.303301,4,4,0.9093406593406592
2018-06-01 15:35:45.788716,4,3,0.9093406593406592
2018-06-01 15:35:46.177703,4,2,0.5294505494505495
2018-06-01 15:35:46.560159,4,99,0.9093406593406592
2018-06-01 15:35:49.791308,5,10,0.8772527472527472
2018-06-01 15:35:50.322906,5,5,0.43791208791208786
2018-06-01 15:35:50.780342,5,4,0.4428571428571428
2018-06-01 15:35:51.273123,5,3,0.3012087912087912
2018-06-01 15:35:51.871218,5,2,0.3012087912087912
2018-06-01 15:35:52.416230,5,99,0.8772527472527472
2018-06-01 15:35:57.034917,6,10,0.8469275100680461
2018-06-01 15:35:57.557016,6,5,0.8469275100680461
2018-06-01 15:35:57.957629,6,4,0.8469275100680461
2018-06-01 15:35:58.354856,6,3,0.8469275100680461
2018-06-01 15:35:58.740760,6,2,0.8469275100680461
2018-06-01 15:35:59.114268,6,99,0.8469275100680461
2018-06-01 15:36:03.795178,7,10,0.8175818867586871
2018-06-01 15:36:04.221994,7,5,0.8175818867586871
2018-06-01 15:36:04.661198,7,4,0.8175818867586871
2018-06-01 15:36:05.045134,7,3,0.8175818867586871
2018-06-01 15:36:05.414749,7,2,0.8175818867586871
2018-06-01 15:36:05.792368,7,99,0.8175818867586871
2018-06-01 15:36:12.624430,8,10,0.7870265759105829
2018-06-01 15:36:13.051024,8,5,0.7870265759105829
2018-06-01 15:36:13.632247,8,4,0.7870265759105829
2018-06-01 15:36:14.139253,8,3,0.7872462595661189
2018-06-01 15:36:14.566449,8,2,0.7872462595661189
2018-06-01 15:36:14.966986,8,99,0.787136417738351
2018-06-01 15:36:18.094858,3,5,0.9506593153187928
2018-06-01 15:36:18.455257,3,4,0.9506593153187928
2018-06-01 15:36:18.808676,3,3,0.9506593153187928
2018-06-01 15:36:19.151102,3,2,0.9506593153187928
2018-06-01 15:36:19.501019,3,99,0.9506593153187928
2018-06-01 15:36:23.084113,4,10,0.9082417582417582
2018-06-01 15:36:23.653251,4,5,0.9082417582417582
2018-06-01 15:36:24.207225,4,4,0.9082417582417582
2018-06-01 15:36:24.785157,4,3,0.9082417582417582
2018-06-01 15:36:25.346547,4,2,0.1542857142857143
2018-06-01 15:36:25.903306,4,99,0.9082417582417582
2018-06-01 15:36:29.064588,5,10,0.878131868131868
2018-06-01 15:36:29.412822,5,5,0.878131868131868
2018-06-01 15:36:29.779751,5,4,0.878131868131868
2018-06-01 15:36:30.135640,5,3,0.878131868131868
2018-06-01 15:36:30.495341,5,2,0.878131868131868
2018-06-01 15:36:30.864049,5,99,0.878131868131868
2018-06-01 15:36:33.940354,6,10,0.8497821483127344
2018-06-01 15:36:34.346149,6,5,0.8497821483127344
2018-06-01 15:36:34.700600,6,4,0.8497821483127344
2018-06-01 15:36:35.056278,6,3,0.8497821483127344
2018-06-01 15:36:35.421050,6,2,0.8497821483127344
2018-06-01 15:36:35.785793,6,99,0.8497821483127344
2018-06-01 15:36:41.589392,7,10,0.8156038639973888
2018-06-01 15:36:42.181311,7,5,0.8156038639973888
2018-06-01 15:36:42.671407,7,4,0.8156038639973888
2018-06-01 15:36:43.134189,7,3,0.8156038639973888
2018-06-01 15:36:43.525917,7,2,0.8156038639973888
2018-06-01 15:36:44.061526,7,99,0.8156038639973888
2018-06-01 15:36:50.388775,8,10,0.7899872684216562
2018-06-01 15:36:50.992638,8,5,0.7897675847661203
2018-06-01 15:36:51.579532,8,4,0.7897675847661203
2018-06-01 15:36:52.180914,8,3,0.7897675847661203
2018-06-01 15:36:52.771628,8,2,0.7899872684216562
2018-06-01 15:36:53.384877,8,99,0.7899872684216562
2018-06-01 15:36:57.328378,3,5,0.950879409481132
2018-06-01 15:36:57.686871,3,4,0.950879409481132
2018-06-01 15:36:58.042288,3,3,0.19329643025090662
2018-06-01 15:36:58.388481,3,2,0.16857140849324392
2018-06-01 15:36:58.742849,3,99,0.950879409481132
2018-06-01 15:37:02.391805,4,10,0.9057142857142857
2018-06-01 15:37:02.751820,4,5,0.9057142857142857
2018-06-01 15:37:03.107010,4,4,0.9057142857142857
2018-06-01 15:37:03.462429,4,3,0.9057142857142857
2018-06-01 15:37:03.814067,4,2,0.9057142857142857
2018-06-01 15:37:04.174508,4,99,0.9057142857142857
2018-06-01 15:37:07.453705,5,10,0.8784615384615385
2018-06-01 15:37:07.822234,5,5,0.8784615384615385
2018-06-01 15:37:08.200945,5,4,0.8784615384615385
2018-06-01 15:37:08.577809,5,3,0.8784615384615385
2018-06-01 15:37:08.955925,5,2,0.8784615384615385
2018-06-01 15:37:09.320110,5,99,0.8784615384615385
2018-06-01 15:37:12.953615,6,10,0.8547247488774707
2018-06-01 15:37:13.353735,6,5,0.8547247488774707
2018-06-01 15:37:13.728479,6,4,0.8547247488774707
2018-06-01 15:37:14.096229,6,3,0.8547247488774707
2018-06-01 15:37:14.479170,6,2,0.8547247488774707
2018-06-01 15:37:14.860027,6,99,0.8547247488774707
2018-06-01 15:37:18.701148,7,10,0.8159299879236377
2018-06-01 15:37:19.098629,7,5,0.8159299879236377
2018-06-01 15:37:19.479999,7,4,0.8159299879236377
2018-06-01 15:37:19.864431,7,3,0.33519332710710287
2018-06-01 15:37:20.237673,7,2,0.33519332710710287
2018-06-01 15:37:20.618407,7,99,0.8159299879236377
2018-06-01 15:37:26.615977,8,10,0.7914314850460133
2018-06-01 15:37:27.011856,8,5,0.7915413268737814
2018-06-01 15:37:27.391696,8,4,0.7915413268737814
2018-06-01 15:37:27.766492,8,3,0.7915413268737814
2018-06-01 15:37:28.145960,8,2,0.7915413268737814
2018-06-01 15:37:28.530248,8,99,0.7913216432182455
2018-06-01 15:37:31.778135,3,5,0.9524172431822429
2018-06-01 15:37:32.129151,3,4,0.9524172431822429
2018-06-01 15:37:32.484731,3,3,0.17021983262845966
2018-06-01 15:37:32.837843,3,2,0.17021983262845966
2018-06-01 15:37:33.181722,3,99,0.9524172431822429
2018-06-01 15:37:36.247478,4,10,0.907032967032967
2018-06-01 15:37:36.602404,4,5,0.907032967032967
2018-06-01 15:37:36.964963,4,4,0.907032967032967
2018-06-01 15:37:37.319272,4,3,0.907032967032967
2018-06-01 15:37:37.666124,4,2,0.907032967032967
2018-06-01 15:37:38.025968,4,99,0.907032967032967
2018-06-01 15:37:41.214720,5,10,0.8786813186813187
2018-06-01 15:37:41.590847,5,5,0.8786813186813187
2018-06-01 15:37:41.974659,5,4,0.8786813186813187
2018-06-01 15:37:42.347761,5,3,0.8786813186813187
2018-06-01 15:37:42.721833,5,2,0.8786813186813187
2018-06-01 15:37:43.103651,5,99,0.8786813186813187
2018-06-01 15:37:46.961856,6,10,0.8505520066657407
2018-06-01 15:37:47.471666,6,5,0.8505520066657407
2018-06-01 15:37:47.936654,6,4,0.8505520066657407
2018-06-01 15:37:48.322901,6,3,0.8505520066657407
2018-06-01 15:37:48.799157,6,2,0.8505520066657407
2018-06-01 15:37:49.187009,6,99,0.8505520066657407
2018-06-01 15:37:55.929822,7,10,0.8171444345965668
2018-06-01 15:37:56.320929,7,5,0.8171444345965668
2018-06-01 15:37:56.678843,7,4,0.8171444345965668
2018-06-01 15:37:57.047350,7,3,0.8171444345965668
2018-06-01 15:37:57.436328,7,2,0.8172540716977619
2018-06-01 15:37:57.815951,7,99,0.8172540716977619
2018-06-01 15:38:05.320443,8,10,0.794061102277271
2018-06-01 15:38:05.722503,8,5,0.794061102277271
2018-06-01 15:38:06.123212,8,4,0.794061102277271
2018-06-01 15:38:06.551343,8,3,0.794061102277271
2018-06-01 15:38:07.192292,8,2,0.794061102277271
2018-06-01 15:38:07.747975,8,99,0.794061102277271
2018-06-01 15:38:12.270122,3,5,0.9529673336939748
2018-06-01 15:38:12.759846,3,4,0.9529673336939748
2018-06-01 15:38:13.162146,3,3,0.9529673336939748
2018-06-01 15:38:13.600551,3,2,0.9529673336939748
2018-06-01 15:38:14.051602,3,99,0.9529673336939748
2018-06-01 15:38:17.461569,4,10,0.9094505494505495
2018-06-01 15:38:17.906392,4,5,0.9094505494505495
2018-06-01 15:38:18.286856,4,4,0.9094505494505495
2018-06-01 15:38:18.657170,4,3,0.9094505494505495
2018-06-01 15:38:19.139811,4,2,0.9094505494505495
2018-06-01 15:38:19.537437,4,99,0.9094505494505495
2018-06-01 15:38:23.297477,5,10,0.8787912087912086
2018-06-01 15:38:23.885392,5,5,0.8787912087912086
2018-06-01 15:38:24.384366,5,4,0.8787912087912086
2018-06-01 15:38:24.766508,5,3,0.8787912087912086
2018-06-01 15:38:25.151109,5,2,0.8787912087912086
2018-06-01 15:38:25.550061,5,99,0.8787912087912086
2018-06-01 15:38:28.752247,6,10,0.8421975535805212
2018-06-01 15:38:29.137134,6,5,0.8421975535805212
2018-06-01 15:38:29.541458,6,4,0.8421975535805212
2018-06-01 15:38:29.944155,6,3,0.8421975535805212
2018-06-01 15:38:30.334612,6,2,0.8421975535805212
2018-06-01 15:38:30.750251,6,99,0.8421975535805212
2018-06-01 15:38:35.401280,7,10,0.8212080159427388
2018-06-01 15:38:35.836210,7,5,0.8212080159427388
2018-06-01 15:38:36.274312,7,4,0.8212080159427388
2018-06-01 15:38:36.719936,7,3,0.8212080159427388
2018-06-01 15:38:37.220534,7,2,0.8212080159427388
2018-06-01 15:38:37.727881,7,99,0.8212080159427388
2018-06-01 15:38:46.668058,8,10,0.7915463637124446
2018-06-01 15:38:47.061191,8,5,0.7915463637124446
2018-06-01 15:38:47.455842,8,4,0.7915463637124446
2018-06-01 15:38:47.851460,8,3,0.7915463637124446
2018-06-01 15:38:48.251708,8,2,0.7915463637124446
2018-06-01 15:38:48.647059,8,99,0.7916562055402125
2018-06-01 15:49:18.617491,3,5,0.9491211556059208
2018-06-01 15:49:18.971596,3,4,0.9491211556059208
2018-06-01 15:49:19.315645,3,3,0.9491211556059208
2018-06-01 15:49:19.658292,3,2,0.9491211556059208
2018-06-01 15:49:19.997320,3,99,0.9491211556059208
2018-06-01 16:38:47.342924,3,5,0.9508788661281966
2018-06-01 16:38:47.687541,3,4,0.9508788661281966
2018-06-01 16:38:48.057490,3,3,0.9508788661281966
2018-06-01 16:38:48.420764,3,2,0.1752748261035154
2018-06-01 16:38:48.786781,3,99,0.9508788661281966
2018-06-01 16:38:52.354449,4,10,0.9063736263736264
2018-06-01 16:38:52.937227,4,5,0.9063736263736264
2018-06-01 16:38:53.468295,4,4,0.9063736263736264
2018-06-01 16:38:53.988118,4,3,0.158021978021978
2018-06-01 16:38:54.499298,4,2,0.158021978021978
2018-06-01 16:38:55.044418,4,99,0.9063736263736264
2018-06-01 16:38:58.470065,5,10,0.8716483516483517
2018-06-01 16:38:58.823450,5,5,0.8716483516483517
2018-06-01 16:38:59.172827,5,4,0.8716483516483517
2018-06-01 16:38:59.522248,5,3,0.8716483516483517
2018-06-01 16:38:59.891677,5,2,0.8716483516483517
2018-06-01 16:39:00.246273,5,99,0.8716483516483517
2018-06-01 16:39:03.618003,6,10,0.8502169837522566
2018-06-01 16:39:03.992756,6,5,0.8502169837522566
2018-06-01 16:39:04.353286,6,4,0.8502169837522566
2018-06-01 16:39:04.716652,6,3,0.8502169837522566
2018-06-01 16:39:05.077894,6,2,0.8502169837522566
2018-06-01 16:39:05.444466,6,99,0.8502169837522566
2018-06-01 16:39:09.857275,7,10,0.8198865433536767
2018-06-01 16:39:10.255739,7,5,0.8198865433536767
2018-06-01 16:39:10.621879,7,4,0.8198865433536767
2018-06-01 16:39:10.979761,7,3,0.6206222558201571
2018-06-01 16:39:11.638243,7,2,0.5324881169794634
2018-06-01 16:39:12.143585,7,99,0.8198865433536767
2018-06-01 16:39:19.597078,8,10,0.7936294839487575
2018-06-01 16:39:20.201280,8,5,0.7935192546718616
2018-06-01 16:39:20.732378,8,4,0.7935192546718616
2018-06-01 16:39:21.200917,8,3,0.7935196421209896
2018-06-01 16:39:21.803326,8,2,0.7935196421209896
2018-06-01 16:39:22.270071,8,99,0.7936294839487575
2018-06-01 16:39:29.366690,3,5,0.9485710288706598
2018-06-01 16:39:29.712827,3,4,0.9485710288706598
2018-06-01 16:39:30.160201,3,3,0.9485710288706598
2018-06-01 16:39:30.494610,3,2,0.9485710288706598
2018-06-01 16:39:30.840480,3,99,0.9485710288706598
2018-06-01 16:39:33.723546,4,10,0.9082417582417582
2018-06-01 16:39:34.108880,4,5,0.9082417582417582
2018-06-01 16:39:34.456410,4,4,0.9082417582417582
2018-06-01 16:39:34.804546,4,3,0.9082417582417582
2018-06-01 16:39:35.134747,4,2,0.9082417582417582
2018-06-01 16:39:35.478787,4,99,0.9082417582417582
2018-06-01 16:39:38.276887,5,10,0.8771428571428572
2018-06-01 16:39:38.628395,5,5,0.8771428571428572
2018-06-01 16:39:38.966878,5,4,0.8771428571428572
2018-06-01 16:39:39.302171,5,3,0.8771428571428572
2018-06-01 16:39:39.641836,5,2,0.8771428571428572
2018-06-01 16:39:39.978047,5,99,0.8771428571428572
2018-06-01 16:39:43.335950,6,10,0.8537370388371985
2018-06-01 16:39:43.700450,6,5,0.8537370388371985
2018-06-01 16:39:44.057659,6,4,0.8537370388371985
2018-06-01 16:39:44.420555,6,3,0.8537370388371985
2018-06-01 16:39:44.775715,6,2,0.8537370388371985
2018-06-01 16:39:45.131638,6,99,0.8537370388371985
2018-06-01 16:39:49.904127,7,10,0.8249469033204905
2018-06-01 16:39:50.373242,7,5,0.8249469033204905
2018-06-01 16:39:50.771944,7,4,0.8249469033204905
2018-06-01 16:39:51.178320,7,3,0.8249469033204905
2018-06-01 16:39:51.547614,7,2,0.8249469033204905
2018-06-01 16:39:51.907760,7,99,0.8249469033204905
2018-06-01 16:39:58.251777,8,10,0.7942869851188539
2018-06-01 16:39:58.862430,8,5,0.7942869851188539
2018-06-01 16:39:59.607143,8,4,0.7942869851188539
2018-06-01 16:40:00.202506,8,3,0.7942869851188539
2018-06-01 16:40:00.734678,8,2,0.7942869851188539
2018-06-01 16:40:01.115857,8,99,0.7941771432910858
2018-06-01 16:40:09.127486,3,5,0.950109587042351
2018-06-01 16:40:09.526171,3,4,0.950109587042351
2018-06-01 16:40:10.086055,3,3,0.950109587042351
2018-06-01 16:40:10.613147,3,2,0.950109587042351
2018-06-01 16:40:11.166335,3,99,0.950109587042351
2018-06-01 16:40:14.501819,4,10,0.9086813186813187
2018-06-01 16:40:14.850222,4,5,0.9086813186813187
2018-06-01 16:40:15.180702,4,4,0.9086813186813187
2018-06-01 16:40:15.529294,4,3,0.9086813186813187
2018-06-01 16:40:15.866073,4,2,0.9086813186813187
2018-06-01 16:40:16.196872,4,99,0.9086813186813187
2018-06-01 16:40:19.243623,5,10,0.8743956043956043
2018-06-01 16:40:19.587974,5,5,0.8743956043956043
2018-06-01 16:40:19.943653,5,4,0.5898901098901098
2018-06-01 16:40:20.286096,5,3,0.5898901098901098
2018-06-01 16:40:20.624659,5,2,0.5898901098901098
2018-06-01 16:40:20.970782,5,99,0.8743956043956043
2018-06-01 16:40:24.056177,6,10,0.844834050826274
2018-06-01 16:40:24.415813,6,5,0.844834050826274
2018-06-01 16:40:24.765649,6,4,0.844834050826274
2018-06-01 16:40:25.112362,6,3,0.844834050826274
2018-06-01 16:40:25.468936,6,2,0.844834050826274
2018-06-01 16:40:25.844497,6,99,0.844834050826274
2018-06-01 16:40:29.739368,7,10,0.821534390155364
2018-06-01 16:40:30.114306,7,5,0.821534390155364
2018-06-01 16:40:30.498047,7,4,0.821534390155364
2018-06-01 16:40:30.879238,7,3,0.821534390155364
2018-06-01 16:40:31.245745,7,2,0.821534390155364
2018-06-01 16:40:31.615073,7,99,0.821534390155364
2018-06-01 16:40:38.746523,8,10,0.7980165704243033
2018-06-01 16:40:39.156331,8,5,0.7980165704243033
2018-06-01 16:40:39.520704,8,4,0.7980165704243033
2018-06-01 16:40:39.928011,8,3,0.7980165704243033
2018-06-01 16:40:40.303361,8,2,0.7981264122520713
2018-06-01 16:40:40.684621,8,99,0.7977968867687673
2018-06-01 16:40:47.081515,3,5,0.9520875003975533
2018-06-01 16:40:47.424712,3,4,0.9520875003975533
2018-06-01 16:40:47.763896,3,3,0.9520875003975533
2018-06-01 16:40:48.093137,3,2,0.9520875003975533
2018-06-01 16:40:48.436287,3,99,0.9520875003975533
2018-06-01 16:40:51.339169,4,10,0.9040659340659342
2018-06-01 16:40:51.684984,4,5,0.9040659340659342
2018-06-01 16:40:52.024466,4,4,0.9040659340659342
2018-06-01 16:40:52.368759,4,3,0.9040659340659342
2018-06-01 16:40:52.703434,4,2,0.9040659340659342
2018-06-01 16:40:53.045034,4,99,0.9040659340659342
2018-06-01 16:40:56.154579,5,10,0.8746153846153846
2018-06-01 16:40:56.708734,5,5,0.8746153846153846
2018-06-01 16:40:57.213954,5,4,0.44021978021978014
2018-06-01 16:40:57.750244,5,3,0.44021978021978014
2018-06-01 16:40:58.228166,5,2,0.44021978021978014
2018-06-01 16:40:58.814751,5,99,0.8746153846153846
2018-06-01 16:41:02.459136,6,10,0.8486769777345738
2018-06-01 16:41:02.985561,6,5,0.8486769777345738
2018-06-01 16:41:03.340814,6,4,0.8486769777345738
2018-06-01 16:41:03.712198,6,3,0.8486769777345738
2018-06-01 16:41:04.088396,6,2,0.8486769777345738
2018-06-01 16:41:04.447757,6,99,0.8486769777345738
2018-06-01 16:41:08.893074,7,10,0.8218706453318546
2018-06-01 16:41:09.511607,7,5,0.8218706453318546
2018-06-01 16:41:10.279095,7,4,0.8218706453318546
2018-06-01 16:41:10.714227,7,3,0.8218706453318546
2018-06-01 16:41:11.178607,7,2,0.8218706453318546
2018-06-01 16:41:11.593728,7,99,0.8218706453318546
2018-06-01 16:41:18.079092,8,10,0.787795856154087
2018-06-01 16:41:18.441021,8,5,0.787795856154087
2018-06-01 16:41:18.792214,8,4,0.787795856154087
2018-06-01 16:41:19.147338,8,3,0.787795856154087
2018-06-01 16:41:19.493384,8,2,0.787795856154087
2018-06-01 16:41:19.851917,8,99,0.787795856154087
2018-06-01 16:41:25.996958,3,5,0.9456047203025563
2018-06-01 16:41:26.333827,3,4,0.9456047203025563
2018-06-01 16:41:26.670518,3,3,0.9456047203025563
2018-06-01 16:41:27.016887,3,2,0.9456047203025563
2018-06-01 16:41:27.364705,3,99,0.9456047203025563
2018-06-01 16:41:30.572711,4,10,0.9105494505494506
2018-06-01 16:41:30.925827,4,5,0.9105494505494506
2018-06-01 16:41:31.281937,4,4,0.9105494505494506
2018-06-01 16:41:31.616542,4,3,0.9105494505494506
2018-06-01 16:41:31.952626,4,2,0.9105494505494506
2018-06-01 16:41:32.291306,4,99,0.9105494505494506
2018-06-01 16:41:35.052109,5,10,0.8813186813186814
2018-06-01 16:41:35.421252,5,5,0.8813186813186814
2018-06-01 16:41:35.786447,5,4,0.8813186813186814
2018-06-01 16:41:36.142547,5,3,0.8813186813186814
2018-06-01 16:41:36.485455,5,2,0.8813186813186814
2018-06-01 16:41:36.840471,5,99,0.8813186813186814
2018-06-01 16:41:39.814816,6,10,0.8494445215942231
2018-06-01 16:41:40.233253,6,5,0.8494445215942231
2018-06-01 16:41:40.594996,6,4,0.8494445215942231
2018-06-01 16:41:40.959163,6,3,0.8494445215942231
2018-06-01 16:41:41.331323,6,2,0.8494445215942231
2018-06-01 16:41:41.706390,6,99,0.8494445215942231
2018-06-01 16:41:45.697526,7,10,0.8211053016810345
2018-06-01 16:41:46.088356,7,5,0.5308563060084052
2018-06-01 16:41:46.462726,7,4,0.5308563060084052
2018-06-01 16:41:46.820802,7,3,0.33510876239990034
2018-06-01 16:41:47.192586,7,2,0.33510876239990034
2018-06-01 16:41:47.572378,7,99,0.8211053016810345
2018-06-01 16:41:54.726252,8,10,0.790329192277054
2018-06-01 16:41:55.109034,8,5,0.790329192277054
2018-06-01 16:41:55.484208,8,4,0.790329192277054
2018-06-01 16:41:55.860122,8,3,0.790329192277054
2018-06-01 16:41:56.226770,8,2,0.790329192277054
2018-06-01 16:41:56.627485,8,99,0.790219350449286
2018-06-01 16:42:03.059604,3,5,0.946043459686074
2018-06-01 16:42:03.404415,3,4,0.946043459686074
2018-06-01 16:42:03.732135,3,3,0.946043459686074
2018-06-01 16:42:04.085475,3,2,0.946043459686074
2018-06-01 16:42:04.422824,3,99,0.946043459686074
2018-06-01 16:42:07.152416,4,10,0.908021978021978
2018-06-01 16:42:07.494952,4,5,0.908021978021978
2018-06-01 16:42:07.830565,4,4,0.908021978021978
2018-06-01 16:42:08.170718,4,3,0.908021978021978
2018-06-01 16:42:08.507997,4,2,0.908021978021978
2018-06-01 16:42:08.851859,4,99,0.908021978021978
2018-06-01 16:42:11.588587,5,10,0.8737362637362637
2018-06-01 16:42:11.946695,5,5,0.8737362637362637
2018-06-01 16:42:12.304191,5,4,0.8737362637362637
2018-06-01 16:42:12.650023,5,3,0.8737362637362637
2018-06-01 16:42:13.006362,5,2,0.8737362637362637
2018-06-01 16:42:13.362894,5,99,0.8737362637362637
2018-06-01 16:42:16.903987,6,10,0.8443876429199647
2018-06-01 16:42:17.291584,6,5,0.8443876429199647
2018-06-01 16:42:17.643134,6,4,0.8443876429199647
2018-06-01 16:42:18.004036,6,3,0.3728492570476322
2018-06-01 16:42:18.367858,6,2,0.3819709646808314
2018-06-01 16:42:18.740744,6,99,0.8443876429199647
2018-06-01 16:42:23.023222,7,10,0.8230786821842991
2018-06-01 16:42:23.390937,7,5,0.8230786821842991
2018-06-01 16:42:23.753977,7,4,0.8230786821842991
2018-06-01 16:42:24.116069,7,3,0.8230786821842991
2018-06-01 16:42:24.487429,7,2,0.8230786821842991
2018-06-01 16:42:24.847187,7,99,0.8230786821842991
2018-06-01 16:42:30.887417,8,10,0.794500857037471
2018-06-01 16:42:31.260990,8,5,0.794500857037471
2018-06-01 16:42:31.620861,8,4,0.794500857037471
2018-06-01 16:42:31.977088,8,3,0.794500857037471
2018-06-01 16:42:32.348880,8,2,0.794500857037471
2018-06-01 16:42:32.704228,8,99,0.794500857037471
2018-06-01 16:42:38.863179,3,5,0.9526378806975174
2018-06-01 16:42:39.210922,3,4,0.9526378806975174
2018-06-01 16:42:39.538856,3,3,0.9526378806975174
2018-06-01 16:42:39.863349,3,2,0.952747782884571
2018-06-01 16:42:40.191805,3,99,0.9526378806975174
2018-06-01 16:42:42.940719,4,10,0.9081318681318681
2018-06-01 16:42:43.287397,4,5,0.9101098901098901
2018-06-01 16:42:43.621758,4,4,0.9101098901098901
2018-06-01 16:42:43.946479,4,3,0.9101098901098901
2018-06-01 16:42:44.288612,4,2,0.9101098901098901
2018-06-01 16:42:44.626899,4,99,0.9081318681318681
2018-06-01 16:42:47.388430,5,10,0.8767032967032968
2018-06-01 16:42:47.752677,5,5,0.8767032967032968
2018-06-01 16:42:48.103428,5,4,0.8767032967032968
2018-06-01 16:42:48.459114,5,3,0.45032967032967025
2018-06-01 16:42:48.816770,5,2,0.45032967032967025
2018-06-01 16:42:49.174026,5,99,0.8767032967032968
2018-06-01 16:42:52.248497,6,10,0.8485731148451604
2018-06-01 16:42:52.627899,6,5,0.8485731148451604
2018-06-01 16:42:52.985130,6,4,0.8485731148451604
2018-06-01 16:42:53.331865,6,3,0.8485731148451604
2018-06-01 16:42:53.676734,6,2,0.1560445887145304
2018-06-01 16:42:54.036556,6,99,0.8485731148451604
2018-06-01 16:42:57.575172,7,10,0.8198860381135792
2018-06-01 16:42:57.990350,7,5,0.8198860381135792
2018-06-01 16:42:58.374482,7,4,0.8198860381135792
2018-06-01 16:42:58.732969,7,3,0.6282009702738963
2018-06-01 16:42:59.098741,7,2,0.6282009702738963
2018-06-01 16:42:59.464831,7,99,0.8198860381135792
2018-06-01 16:43:05.946704,8,10,0.7938561416885963
2018-06-01 16:43:06.359601,8,5,0.7938561416885963
2018-06-01 16:43:06.729745,8,4,0.7938561416885963
2018-06-01 16:43:07.103949,8,3,0.7938561416885963
2018-06-01 16:43:07.495134,8,2,0.7938561416885963
2018-06-01 16:43:07.900798,8,99,0.7938561416885963
2018-06-01 16:43:15.528209,3,5,0.949230586887097
2018-06-01 16:43:15.879100,3,4,0.949230586887097
2018-06-01 16:43:16.209341,3,3,0.949230586887097
2018-06-01 16:43:16.563953,3,2,0.949230586887097
2018-06-01 16:43:16.899168,3,99,0.949230586887097
2018-06-01 16:43:19.659006,4,10,0.912967032967033
2018-06-01 16:43:20.008494,4,5,0.912967032967033
2018-06-01 16:43:20.370965,4,4,0.5327472527472528
2018-06-01 16:43:20.710165,4,3,0.5327472527472528
2018-06-01 16:43:21.047769,4,2,0.5327472527472528
2018-06-01 16:43:21.391772,4,99,0.9130769230769231
2018-06-01 16:43:25.632374,5,10,0.8824175824175825
2018-06-01 16:43:26.204508,5,5,0.8824175824175825
2018-06-01 16:43:26.726085,5,4,0.8824175824175825
2018-06-01 16:43:27.169355,5,3,0.8824175824175825
2018-06-01 16:43:27.610042,5,2,0.8824175824175825
2018-06-01 16:43:27.988285,5,99,0.8824175824175825
2018-06-01 16:43:31.969062,6,10,0.8447290306901819
2018-06-01 16:43:32.355770,6,5,0.8447290306901819
2018-06-01 16:43:32.739750,6,4,0.8447290306901819
2018-06-01 16:43:33.105766,6,3,0.3792557746609267
2018-06-01 16:43:33.665031,6,2,0.15615626301902513
2018-06-01 16:43:34.137420,6,99,0.8447290306901819
2018-06-01 16:43:39.011948,7,10,0.8124166184890674
2018-06-01 16:43:39.578516,7,5,0.8124166184890674
2018-06-01 16:43:40.016433,7,4,0.8124166184890674
2018-06-01 16:43:40.552450,7,3,0.8124166184890674
2018-06-01 16:43:41.288194,7,2,0.8124166184890674
2018-06-01 16:43:41.710002,7,99,0.8124166184890674
2018-06-01 16:43:50.250088,8,10,0.7978019236074303
2018-06-01 16:43:50.897562,8,5,0.7978019236074303
2018-06-01 16:43:51.421877,8,4,0.7978019236074303
2018-06-01 16:43:52.194562,8,3,0.7978019236074303
2018-06-01 16:43:52.606326,8,2,0.7978019236074303
2018-06-01 16:43:53.289608,8,99,0.7979121528843263
2018-06-01 16:43:59.567652,3,5,0.9503299347693934
2018-06-01 16:43:59.905942,3,4,0.9503299347693934
2018-06-01 16:44:00.234562,3,3,0.9503299347693934
2018-06-01 16:44:00.557087,3,2,0.9503299347693934
2018-06-01 16:44:00.884654,3,99,0.9503299347693934
2018-06-01 16:44:03.560317,4,10,0.9062637362637362
2018-06-01 16:44:03.903193,4,5,0.9062637362637362
2018-06-01 16:44:04.236995,4,4,0.9062637362637362
2018-06-01 16:44:04.572341,4,3,0.5340659340659341
2018-06-01 16:44:04.906340,4,2,0.5340659340659341
2018-06-01 16:44:05.247906,4,99,0.9062637362637362
2018-06-01 16:44:07.886818,5,10,0.8712087912087914
2018-06-01 16:44:08.244269,5,5,0.8712087912087914
2018-06-01 16:44:08.592602,5,4,0.4461538461538462
2018-06-01 16:44:08.949817,5,3,0.4461538461538462
2018-06-01 16:44:09.305316,5,2,0.43912087912087905
2018-06-01 16:44:09.653499,5,99,0.8712087912087914
2018-06-01 16:44:12.908907,6,10,0.8528563741147063
2018-06-01 16:44:13.261253,6,5,0.8528563741147063
2018-06-01 16:44:13.619252,6,4,0.8528563741147063
2018-06-01 16:44:13.964799,6,3,0.8528563741147063
2018-06-01 16:44:14.319357,6,2,0.8528563741147063
2018-06-01 16:44:14.685872,6,99,0.8528563741147063
2018-06-01 16:44:18.800024,7,10,0.825603708446448
2018-06-01 16:44:19.171841,7,5,0.825603708446448
2018-06-01 16:44:19.538554,7,4,0.825603708446448
2018-06-01 16:44:19.900755,7,3,0.825603708446448
2018-06-01 16:44:20.260112,7,2,0.825603708446448
2018-06-01 16:44:20.629419,7,99,0.825603708446448
2018-06-01 16:44:27.288636,8,10,0.797798049116151
2018-06-01 16:44:27.691115,8,5,0.797907890943919
2018-06-01 16:44:28.085673,8,4,0.797907890943919
2018-06-01 16:44:28.448331,8,3,0.797907890943919
2018-06-01 16:44:28.806478,8,2,0.797907890943919
2018-06-01 16:44:29.164529,8,99,0.797798049116151
2018-06-01 16:44:35.412240,3,5,0.9508789385752547
2018-06-01 16:44:35.776634,3,4,0.9508789385752547
2018-06-01 16:44:36.117651,3,3,0.9508789385752547
2018-06-01 16:44:36.460729,3,2,0.1667036871133274
2018-06-01 16:44:36.786578,3,99,0.9508789385752547
2018-06-01 16:44:39.547639,4,10,0.9008791208791208
2018-06-01 16:44:39.892803,4,5,0.9008791208791208
2018-06-01 16:44:40.228138,4,4,0.5283516483516484
2018-06-01 16:44:40.560157,4,3,0.1523076923076923
2018-06-01 16:44:40.908837,4,2,0.14835164835164835
2018-06-01 16:44:41.262602,4,99,0.9008791208791208
2018-06-01 16:44:44.035966,5,10,0.8767032967032968
2018-06-01 16:44:44.400223,5,5,0.8767032967032968
2018-06-01 16:44:44.750999,5,4,0.8767032967032968
2018-06-01 16:44:45.096048,5,3,0.44120879120879114
2018-06-01 16:44:45.481998,5,2,0.44120879120879114
2018-06-01 16:44:45.827848,5,99,0.8767032967032968
2018-06-01 16:44:48.945124,6,10,0.8517587256399574
2018-06-01 16:44:49.309336,6,5,0.8517587256399574
2018-06-01 16:44:49.660114,6,4,0.8517587256399574
2018-06-01 16:44:50.009974,6,3,0.8517587256399574
2018-06-01 16:44:50.370051,6,2,0.8517587256399574
2018-06-01 16:44:50.720517,6,99,0.8517587256399574
2018-06-01 16:44:54.992096,7,10,0.8098928568829445
2018-06-01 16:44:55.387616,7,5,0.8098928568829445
2018-06-01 16:44:55.749319,7,4,0.8098928568829445
2018-06-01 16:44:56.109351,7,3,0.8098928568829445
2018-06-01 16:44:56.496527,7,2,0.8098928568829445
2018-06-01 16:44:56.865699,7,99,0.8098928568829445
2018-06-01 16:45:02.588268,8,10,0.8003317726882461
2018-06-01 16:45:02.960588,8,5,0.8003317726882461
2018-06-01 16:45:03.324935,8,4,0.8003317726882461
2018-06-01 16:45:03.690218,8,3,0.8003317726882461
2018-06-01 16:45:04.053342,8,2,0.8002219308604781
2018-06-01 16:45:04.420646,8,99,0.8003317726882461
