currenttime,choice,l,time
49:57.7,W,2,0.081980944
49:57.8,W,2,0.085821867
49:57.9,W,2,0.127799749
49:58.0,W,2,0.056907177
49:58.1,W,2,0.066567898
49:58.1,W,2,0.055872202
49:58.2,W,2,0.070393085
49:58.2,W,2,0.060377121
49:58.3,W,2,0.048623085
49:58.3,W,2,0.046515942
49:58.4,W,2,0.046387911
49:58.5,W,2,0.090771914
49:58.5,W,2,0.061216116
49:58.6,W,2,0.049189091
49:58.6,W,2,0.045496941
49:58.7,W,2,0.046859026
49:58.8,W,2,0.076715946
49:58.8,W,2,0.049257994
49:58.9,W,2,0.047425985
49:58.9,W,2,0.056279898
49:59.0,W,2,0.075858116
49:59.1,W,2,0.063227177
49:59.1,W,2,0.049113035
49:59.2,W,2,0.059773207
49:59.2,W,2,0.082431078
49:59.3,W,2,0.050519705
49:59.3,W,2,0.046939135
49:59.4,W,2,0.045174122
49:59.5,W,2,0.071741819
49:59.5,W,2,0.075406075
49:59.6,W,2,0.04738307
50:01.0,W,3,1.399945021
50:02.8,W,3,1.816034794
50:05.1,W,3,2.286317825
50:06.8,W,3,1.741261005
50:08.3,W,3,1.473242283
50:09.8,W,3,1.473330975
50:11.2,W,3,1.450634956
50:12.7,W,3,1.479628086
50:14.2,W,3,1.446568251
50:15.6,W,3,1.436794758
50:17.2,W,3,1.557979345
50:24.0,W,4,6.799684048
50:31.1,W,4,7.172770977
50:38.3,W,4,7.142889977
50:45.4,W,4,7.098963976
50:52.7,W,4,7.276921034
51:07.4,W,5,14.71602631
51:21.7,W,5,14.29826784
51:36.5,W,5,14.81539607
52:02.2,W,6,25.70702219
52:24.0,W,6,21.76596618
52:44.3,W,6,20.37584996
53:12.3,W,7,27.98822689
53:45.0,W,7,32.66274118
54:14.9,W,7,29.88365173
54:52.5,W,8,37.59183478
55:29.8,W,8,37.28470802
56:06.3,W,8,36.49719024
56:06.4,H,1,0.129959822
56:06.4,H,1,0.00130105
56:06.4,H,1,0.001296043
56:06.4,H,1,0.001316071
56:06.5,H,1,0.00508213
56:06.5,H,1,0.010563135
56:06.6,H,1,0.00217104
56:06.6,H,1,0.001317978
56:06.6,H,1,0.001924038
56:06.6,H,1,0.001602173
56:06.6,H,1,0.001236916
56:06.6,H,1,0.001228094
56:06.6,H,1,0.001152992
56:06.7,H,1,0.001123905
56:06.7,H,1,0.003152132
56:06.7,H,1,0.003171921
56:06.7,H,1,0.001410007
56:06.7,H,1,0.001194954
56:06.8,H,1,0.001211166
56:06.8,H,1,0.001122952
56:06.8,H,1,0.001524925
56:06.8,H,1,0.00105691
56:06.8,H,1,0.001232862
56:06.8,H,1,0.001112223
56:06.8,H,1,0.001371861
56:06.8,H,1,0.001266003
56:06.9,H,1,0.001179934
56:06.9,H,1,0.001250982
56:06.9,H,1,0.00131011
56:06.9,H,1,0.001565933
56:06.9,H,1,0.004563332
56:07.0,H,1,0.001574993
56:07.0,H,1,0.004186869
56:07.0,H,1,0.001718998
56:07.0,H,1,0.001292706
56:07.1,H,1,0.001700163
56:07.1,H,1,0.001706839
56:07.1,H,1,0.001481056
56:07.1,H,1,0.003179073
56:07.2,H,1,0.001549959
56:07.2,H,1,0.006901979
56:07.2,H,1,0.001844883
56:07.2,H,1,0.005457878
56:07.2,H,1,0.00125885
56:07.3,H,1,0.001121044
56:07.3,H,1,0.001116753
56:07.3,H,1,0.001215935
56:07.3,H,1,0.001189709
56:07.3,H,1,0.001312733
56:07.3,H,1,0.00108099
56:07.4,H,2,0.03792882
56:07.4,H,2,0.006676912
56:07.4,H,2,0.008867264
56:07.5,H,2,0.018519163
56:07.5,H,2,0.014073849
56:07.5,H,2,0.007543087
56:07.6,H,2,0.00676775
56:07.6,H,2,0.006560087
56:07.6,H,2,0.008293152
56:07.7,H,2,0.007027864
56:07.7,H,2,0.004610062
56:07.7,H,2,0.00443387
56:07.7,H,2,0.004233122
56:07.7,H,2,0.004076719
56:07.8,H,2,0.006150007
56:07.8,H,2,0.007966042
56:07.8,H,2,0.009106874
56:07.9,H,2,0.013949871
56:07.9,H,2,0.013228893
56:07.9,H,2,0.005019903
56:07.9,H,2,0.004344225
56:07.9,H,2,0.004018784
56:08.0,H,2,0.003976345
56:08.0,H,2,0.005631924
56:08.0,H,2,0.00967288
56:08.1,H,2,0.013618946
56:08.1,H,2,0.015877247
56:08.2,H,2,0.031040907
56:08.2,H,2,0.007004976
56:08.2,H,2,0.006930113
56:08.3,H,2,0.005539179
56:08.3,H,2,0.007540941
56:08.3,H,2,0.00455308
56:08.3,H,2,0.004481792
56:08.3,H,2,0.004112959
56:08.4,H,2,0.004106998
56:08.4,H,2,0.004345179
56:08.4,H,2,0.003965855
56:08.4,H,2,0.005669117
56:08.5,H,2,0.008975983
56:08.5,H,2,0.015300989
56:08.5,H,2,0.023936987
56:08.6,H,2,0.019474745
56:08.6,H,2,0.007675886
56:08.6,H,2,0.014766693
56:08.7,H,2,0.024175167
56:08.7,H,2,0.016253948
56:08.8,H,2,0.014719963
56:08.8,H,2,0.005692005
56:08.8,H,2,0.00486207
56:08.8,H,3,0.005628824
56:08.8,H,3,0.005214214
56:08.9,H,3,0.016426325
56:08.9,H,3,0.022200108
56:09.0,H,3,0.013321877
56:09.0,H,3,0.012645006
56:09.0,H,3,0.016677856
56:09.1,H,3,0.029178143
56:09.1,H,3,0.018239021
56:09.2,H,3,0.010828972
56:09.2,H,3,0.008977175
56:09.2,H,3,0.009724855
56:09.3,H,3,0.006064177
56:09.3,H,3,0.005600929
56:09.3,H,3,0.015218735
56:09.4,H,3,0.028588057
56:09.4,H,3,0.014083147
56:09.5,H,3,0.017479181
56:09.5,H,3,0.00620389
56:09.5,H,3,0.005589008
56:09.5,H,3,0.015129089
56:09.6,H,3,0.021853924
56:09.6,H,3,0.01674509
56:09.7,H,3,0.011538029
56:09.7,H,3,0.006159782
56:09.7,H,3,0.005988121
56:09.7,H,3,0.005101204
56:09.7,H,3,0.004994631
56:09.8,H,3,0.007127047
56:09.8,H,3,0.010583878
56:09.8,H,3,0.017688751
56:09.9,H,3,0.011786938
56:09.9,H,3,0.009777308
56:09.9,H,3,0.007414103
56:10.0,H,3,0.006567001
56:10.0,H,3,0.013666153
56:10.1,H,3,0.015611887
56:10.1,H,3,0.019022942
56:10.1,H,3,0.015241385
56:10.2,H,3,0.005903959
56:10.2,H,3,0.00549674
56:10.2,H,3,0.01607585
56:10.2,H,3,0.010320902
56:10.3,H,3,0.010091066
56:10.3,H,3,0.008505106
56:10.3,H,3,0.009345055
56:10.4,H,3,0.006453991
56:10.4,H,3,0.005378008
56:10.4,H,3,0.022420883
56:10.5,H,3,0.015888214
56:10.5,H,4,0.015702009
56:10.6,H,4,0.032383919
56:10.6,H,4,0.009149313
56:10.6,H,4,0.022332907
56:10.7,H,4,0.030522108
56:10.7,H,4,0.007262945
56:10.7,H,4,0.00680685
56:10.8,H,4,0.006023884
56:10.8,H,4,0.007073164
56:10.8,H,4,0.009052038
56:10.8,H,4,0.018563032
56:10.9,H,4,0.015549898
56:10.9,H,4,0.020682096
56:11.0,H,4,0.024491072
56:11.0,H,4,0.007632971
56:11.0,H,4,0.014904022
56:11.1,H,4,0.02251482
56:11.1,H,4,0.018874884
56:11.2,H,4,0.02147913
56:11.2,H,4,0.008174181
56:11.2,H,4,0.006675005
56:11.2,H,4,0.008046865
56:11.3,H,4,0.012661934
56:11.3,H,4,0.015384197
56:11.4,H,4,0.017971992
56:11.4,H,4,0.00742507
56:11.4,H,4,0.006680012
56:11.4,H,4,0.006188869
56:11.4,H,4,0.006187677
56:11.5,H,4,0.008299828
56:11.5,H,4,0.021805048
56:11.6,H,4,0.029904842
56:11.6,H,4,0.017766953
56:11.6,H,4,0.012584925
56:11.7,H,4,0.007346869
56:11.7,H,4,0.015913963
56:11.7,H,4,0.020117044
56:11.8,H,4,0.011317968
56:11.8,H,4,0.010668039
56:11.8,H,4,0.007373095
56:11.9,H,4,0.007900238
56:11.9,H,4,0.027051926
56:12.0,H,4,0.033522844
56:12.0,H,4,0.011747837
56:12.1,H,4,0.018206835
56:12.1,H,4,0.007589102
56:12.1,H,4,0.006641865
56:12.1,H,4,0.007112265
56:12.2,H,4,0.017812014
56:12.2,H,4,0.011656046
56:12.2,H,5,0.01843977
56:12.3,H,5,0.008767366
56:12.3,H,5,0.007782221
56:12.3,H,5,0.007387161
56:12.3,H,5,0.007550955
56:12.4,H,5,0.032527685
56:12.4,H,5,0.029789209
56:12.5,H,5,0.03087306
56:12.5,H,5,0.010458946
56:12.6,H,5,0.033104897
56:12.6,H,5,0.021025896
56:12.7,H,5,0.008769035
56:12.7,H,5,0.008141994
56:12.7,H,5,0.007370949
56:12.7,H,5,0.007430077
56:12.7,H,5,0.007359982
56:12.8,H,5,0.007361174
56:12.8,H,5,0.007007837
56:12.8,H,5,0.008324146
56:12.8,H,5,0.017482042
56:12.9,H,5,0.024332047
56:12.9,H,5,0.01891017
56:13.0,H,5,0.028428078
56:13.0,H,5,0.025135279
56:13.1,H,5,0.025433779
56:13.1,H,5,0.021126986
56:13.2,H,5,0.008388042
56:13.2,H,5,0.007673025
56:13.2,H,5,0.007423878
56:13.2,H,5,0.007408142
56:13.2,H,5,0.009840012
56:13.3,H,5,0.039906979
56:13.4,H,5,0.023479939
56:13.4,H,5,0.025731087
56:13.4,H,5,0.00863719
56:13.4,H,5,0.008006811
56:13.5,H,5,0.024125814
56:13.5,H,5,0.027596951
56:13.6,H,5,0.029573917
56:13.6,H,5,0.008813858
56:13.6,H,5,0.007959127
56:13.7,H,5,0.007163048
56:13.7,H,5,0.007594109
56:13.7,H,5,0.008116007
56:13.7,H,5,0.020492077
56:13.8,H,5,0.020576
56:13.8,H,5,0.026540756
56:13.9,H,5,0.017955065
56:13.9,H,5,0.008478165
56:13.9,H,5,0.010782957
56:14.0,H,6,0.02224803
56:14.0,H,6,0.030282974
56:14.1,H,6,0.02270627
56:14.1,H,6,0.010264158
56:14.1,H,6,0.017759085
56:14.2,H,6,0.025555849
56:14.2,H,6,0.034559011
56:14.3,H,6,0.021252155
56:14.3,H,6,0.010085106
56:14.3,H,6,0.008998156
56:14.3,H,6,0.008484125
56:14.4,H,6,0.008612871
56:14.4,H,6,0.010402918
56:14.4,H,6,0.025754213
56:14.5,H,6,0.047204018
56:14.6,H,6,0.023095846
56:14.6,H,6,0.010655165
56:14.6,H,6,0.017775774
56:14.7,H,6,0.025990009
56:14.7,H,6,0.009996176
56:14.7,H,6,0.008974075
56:14.7,H,6,0.008651018
56:14.8,H,6,0.008205175
56:14.8,H,6,0.00812912
56:14.8,H,6,0.009017944
56:14.8,H,6,0.022546053
56:14.9,H,6,0.031434059
56:15.0,H,6,0.026501894
56:15.0,H,6,0.019736052
56:15.0,H,6,0.021275759
56:15.1,H,6,0.019480944
56:15.1,H,6,0.011819124
56:15.2,H,6,0.010222197
56:15.2,H,6,0.008695841
56:15.2,H,6,0.008494854
56:15.2,H,6,0.019947052
56:15.3,H,6,0.029770851
56:15.3,H,6,0.023447752
56:15.4,H,6,0.026751041
56:15.4,H,6,0.010110855
56:15.4,H,6,0.009042978
56:15.4,H,6,0.013427973
56:15.5,H,6,0.027562141
56:15.5,H,6,0.030437708
56:15.6,H,6,0.023770094
56:15.6,H,6,0.009758949
56:15.7,H,6,0.035313845
56:15.8,H,6,0.037663937
56:15.8,H,6,0.010613918
56:15.8,H,6,0.008909225
56:15.8,H,7,0.009411097
56:15.8,H,7,0.009701967
56:15.9,H,7,0.00960207
56:15.9,H,7,0.009989262
56:16.0,H,7,0.046902657
56:16.0,H,7,0.032720089
56:16.1,H,7,0.033199787
56:16.1,H,7,0.014454126
56:16.1,H,7,0.010489702
56:16.2,H,7,0.021149158
56:16.2,H,7,0.029417038
56:16.3,H,7,0.02128005
56:16.3,H,7,0.011752844
56:16.3,H,7,0.009750843
56:16.3,H,7,0.010117054
56:16.4,H,7,0.009454966
56:16.4,H,7,0.009867907
56:16.4,H,7,0.025323153
56:16.5,H,7,0.02768898
56:16.5,H,7,0.038343906
56:16.6,H,7,0.038460016
56:16.6,H,7,0.016566038
56:16.7,H,7,0.021945715
56:16.7,H,7,0.010841846
56:16.8,H,7,0.00987792
56:16.8,H,7,0.011762142
56:16.8,H,7,0.009721041
56:16.8,H,7,0.023823977
56:16.9,H,7,0.028196812
56:16.9,H,7,0.029415131
56:17.0,H,7,0.026939869
56:17.0,H,7,0.010924101
56:17.0,H,7,0.0106287
56:17.1,H,7,0.062085867
56:17.2,H,7,0.030951023
56:17.2,H,7,0.020936251
56:17.3,H,7,0.017398834
56:17.3,H,7,0.010036945
56:17.3,H,7,0.00959897
56:17.3,H,7,0.010188103
56:17.4,H,7,0.019353151
56:17.4,H,7,0.030698061
56:17.5,H,7,0.024450779
56:17.5,H,7,0.028375149
56:17.5,H,7,0.011635065
56:17.6,H,7,0.024474144
56:17.6,H,7,0.03331089
56:17.7,H,7,0.030834913
56:17.7,H,7,0.011733055
56:17.7,H,7,0.01009202
56:17.8,H,8,0.011080265
56:17.8,H,8,0.032256126
56:17.9,H,8,0.035059929
56:17.9,H,8,0.03866601
56:18.0,H,8,0.012708187
56:18.0,H,8,0.011250973
56:18.0,H,8,0.010736227
56:18.1,H,8,0.032980919
56:18.1,H,8,0.048367262
56:18.2,H,8,0.031283855
56:18.2,H,8,0.012217999
56:18.2,H,8,0.011767864
56:18.3,H,8,0.012400866
56:18.3,H,8,0.026025057
56:18.4,H,8,0.035490036
56:18.4,H,8,0.013083935
56:18.4,H,8,0.011992931
56:18.5,H,8,0.01156497
56:18.5,H,8,0.037426949
56:18.6,H,8,0.047691107
56:18.7,H,8,0.037972927
56:18.7,H,8,0.012840033
56:18.7,H,8,0.011953831
56:18.8,H,8,0.04896903
56:18.8,H,8,0.032963991
56:18.9,H,8,0.012378216
56:18.9,H,8,0.011404991
56:18.9,H,8,0.012191057
56:18.9,H,8,0.010802031
56:19.0,H,8,0.011519909
56:19.0,H,8,0.010615826
56:19.0,H,8,0.033931017
56:19.1,H,8,0.037456036
56:19.2,H,8,0.031401873
56:19.2,H,8,0.022341728
56:19.2,H,8,0.012065172
56:19.3,H,8,0.025253296
56:19.3,H,8,0.022360802
56:19.3,H,8,0.020379066
56:19.4,H,8,0.011435032
56:19.4,H,8,0.010540009
56:19.4,H,8,0.011183739
56:19.4,H,8,0.011111975
56:19.5,H,8,0.032261848
56:19.6,H,8,0.038380146
56:19.6,H,8,0.033820868
56:19.6,H,8,0.013190985
56:19.7,H,8,0.019531012
56:19.7,H,8,0.026336908
56:19.8,H,8,0.012327909
08:32.4,H,1,0.003375769
08:32.4,H,1,0.001224041
08:32.4,H,1,0.001186132
08:32.4,H,1,0.001171827
08:32.4,H,1,0.001263142
08:32.5,H,1,0.00114584
08:32.5,H,1,0.00548315
08:32.5,H,1,0.001348257
08:32.5,H,1,0.001280069
08:32.5,H,1,0.001348734
08:32.6,H,1,0.001299858
08:32.6,H,1,0.001816273
08:32.6,H,1,0.009637117
08:32.6,H,1,0.001305819
08:32.6,H,1,0.001524925
08:32.7,H,1,0.001285076
08:32.7,H,1,0.001223087
08:32.7,H,1,0.001354933
08:32.7,H,1,0.001209259
08:32.7,H,1,0.001155853
08:32.7,H,1,0.001312017
08:32.7,H,1,0.001250029
08:32.8,H,1,0.001117229
08:32.8,H,1,0.001510143
08:32.8,H,1,0.001315832
08:32.8,H,1,0.001416922
08:32.8,H,1,0.00134778
08:32.9,H,1,0.016978979
08:32.9,H,1,0.002067804
08:32.9,H,1,0.001942873
08:32.9,H,1,0.002210855
08:33.0,H,1,0.001378059
08:33.0,H,1,0.008181095
08:33.0,H,1,0.00129199
08:33.1,H,1,0.002258062
08:33.1,H,1,0.002159119
08:33.1,H,1,0.003650904
08:33.1,H,1,0.001281977
08:33.1,H,1,0.001156092
08:33.2,H,1,0.00110507
08:33.2,H,1,0.001061201
08:33.2,H,1,0.001055956
08:33.2,H,1,0.001896143
08:33.2,H,1,0.001048088
08:33.2,H,1,0.00138092
08:33.2,H,1,0.001252174
08:33.2,H,1,0.001488209
08:33.3,H,1,0.001250982
08:33.3,H,1,0.004163027
08:33.3,H,1,0.001307964
08:33.3,H,2,0.009023905
08:33.4,H,2,0.004544973
08:33.4,H,2,0.004243851
08:33.4,H,2,0.005855083
08:33.4,H,2,0.004376173
08:33.4,H,2,0.004249096
08:33.4,H,2,0.005456924
08:33.5,H,2,0.004539013
08:33.5,H,2,0.020474911
08:33.5,H,2,0.011998892
08:33.6,H,2,0.005008221
08:33.6,H,2,0.004232883
08:33.6,H,2,0.004618168
08:33.6,H,2,0.006552696
08:33.6,H,2,0.005731821
08:33.7,H,2,0.005311966
08:33.7,H,2,0.005145788
08:33.7,H,2,0.004379034
08:33.7,H,2,0.006430864
08:33.8,H,2,0.009469986
08:33.8,H,2,0.011580944
08:33.8,H,2,0.004523993
08:33.8,H,2,0.004374027
08:33.8,H,2,0.004219055
08:33.9,H,2,0.004377842
08:33.9,H,2,0.004739046
08:33.9,H,2,0.004396677
08:33.9,H,2,0.004135132
08:33.9,H,2,0.004401922
08:34.0,H,2,0.016786098
08:34.0,H,2,0.013956785
08:34.0,H,2,0.005130053
08:34.0,H,2,0.004385948
08:34.0,H,2,0.004466057
08:34.1,H,2,0.004156828
08:34.1,H,2,0.004313231
08:34.1,H,2,0.005371809
08:34.1,H,2,0.004268169
08:34.1,H,2,0.00437212
08:34.1,H,2,0.005161047
08:34.2,H,2,0.006560087
08:34.2,H,2,0.005311012
08:34.2,H,2,0.011610031
08:34.3,H,2,0.007922888
08:34.3,H,2,0.014492989
08:34.4,H,2,0.012624979
08:34.4,H,2,0.008410215
08:34.4,H,2,0.007317781
08:34.5,H,2,0.008560896
08:34.5,H,2,0.011870146
08:34.5,H,3,0.016993046
08:34.6,H,3,0.00591588
08:34.6,H,3,0.00543499
08:34.6,H,3,0.007107019
08:34.6,H,3,0.013333082
08:34.7,H,3,0.01335001
08:34.7,H,3,0.015228987
08:34.8,H,3,0.008045912
08:34.8,H,3,0.005743027
08:34.8,H,3,0.006131172
08:34.8,H,3,0.015819073
08:34.9,H,3,0.012257099
08:34.9,H,3,0.013936758
08:34.9,H,3,0.018469095
08:35.0,H,3,0.019143105
08:35.0,H,3,0.006874084
08:35.0,H,3,0.00769186
08:35.1,H,3,0.010859013
08:35.1,H,3,0.02123642
08:35.2,H,3,0.015441895
08:35.2,H,3,0.005964041
08:35.2,H,3,0.00544405
08:35.2,H,3,0.005263805
08:35.2,H,3,0.005659819
08:35.3,H,3,0.019384861
08:35.3,H,3,0.011815071
08:35.4,H,3,0.02340126
08:35.4,H,3,0.024384022
08:35.5,H,3,0.014731884
08:35.5,H,3,0.030842066
08:35.6,H,3,0.025909901
08:35.6,H,3,0.00690484
08:35.6,H,3,0.005527973
08:35.6,H,3,0.004970074
08:35.7,H,3,0.005988121
08:35.7,H,3,0.007421255
08:35.7,H,3,0.019680977
08:35.8,H,3,0.01894927
08:35.8,H,3,0.020632029
08:35.9,H,3,0.006304026
08:35.9,H,3,0.00574398
08:35.9,H,3,0.012338877
08:36.0,H,3,0.019061089
08:36.0,H,3,0.018117189
08:36.0,H,3,0.014209032
08:36.1,H,3,0.006514788
08:36.1,H,3,0.005831957
08:36.1,H,3,0.01406312
08:36.2,H,3,0.021441221
08:36.2,H,3,0.010650158
08:36.2,H,4,0.01473093
08:36.3,H,4,0.007776022
08:36.3,H,4,0.0070889
08:36.3,H,4,0.006965637
08:36.3,H,4,0.006482124
08:36.4,H,4,0.026283026
08:36.4,H,4,0.016100168
08:36.4,H,4,0.017433882
08:36.5,H,4,0.023229122
08:36.5,H,4,0.010152817
08:36.6,H,4,0.016985893
08:36.6,H,4,0.012923002
08:36.6,H,4,0.011729956
08:36.7,H,4,0.007689953
08:36.7,H,4,0.006621122
08:36.7,H,4,0.006364107
08:36.7,H,4,0.006665945
08:36.8,H,4,0.017886877
08:36.8,H,4,0.036290884
08:36.9,H,4,0.019826889
08:36.9,H,4,0.016144991
08:36.9,H,4,0.008026123
08:37.0,H,4,0.00705719
08:37.0,H,4,0.026572943
08:37.1,H,4,0.020112276
08:37.1,H,4,0.02170682
08:37.1,H,4,0.007935047
08:37.1,H,4,0.006484985
08:37.2,H,4,0.00639677
08:37.2,H,4,0.007341146
08:37.2,H,4,0.012097836
08:37.3,H,4,0.018002033
08:37.3,H,4,0.023897171
08:37.3,H,4,0.015067101
08:37.4,H,4,0.007282019
08:37.4,H,4,0.010414839
08:37.4,H,4,0.021186113
08:37.5,H,4,0.033579111
08:37.6,H,4,0.025429249
08:37.6,H,4,0.007272959
08:37.6,H,4,0.017102003
08:37.6,H,4,0.017106295
08:37.7,H,4,0.017251015
08:37.7,H,4,0.007887125
08:37.7,H,4,0.006887913
08:37.8,H,4,0.006448269
08:37.8,H,4,0.006618738
08:37.8,H,4,0.006712914
08:37.8,H,4,0.006196976
08:37.8,H,4,0.007190943
08:37.9,H,5,0.016843081
08:37.9,H,5,0.019567013
08:38.0,H,5,0.032602787
08:38.1,H,5,0.057770014
08:38.1,H,5,0.040609837
08:38.2,H,5,0.021016121
08:38.2,H,5,0.012224197
08:38.2,H,5,0.008032084
08:38.3,H,5,0.011750937
08:38.3,H,5,0.034532309
08:38.4,H,5,0.032674789
08:38.4,H,5,0.009606123
08:38.5,H,5,0.013500929
08:38.5,H,5,0.008380175
08:38.5,H,5,0.022742033
08:38.6,H,5,0.033950806
08:38.6,H,5,0.043558836
08:38.7,H,5,0.00960803
08:38.7,H,5,0.008865118
08:38.7,H,5,0.008170843
08:38.7,H,5,0.007656097
08:38.8,H,5,0.007628679
08:38.8,H,5,0.007779121
08:38.8,H,5,0.023343801
08:38.9,H,5,0.016241074
08:38.9,H,5,0.020405054
08:38.9,H,5,0.025327206
08:39.0,H,5,0.00899291
08:39.0,H,5,0.031230211
08:39.1,H,5,0.027938843
08:39.1,H,5,0.023480177
08:39.2,H,5,0.009294748
08:39.2,H,5,0.007716894
08:39.2,H,5,0.008930922
08:39.3,H,5,0.032979965
08:39.3,H,5,0.031229019
08:39.3,H,5,0.009287119
08:39.4,H,5,0.008964062
08:39.4,H,5,0.008053064
08:39.4,H,5,0.011578083
08:39.5,H,5,0.025693893
08:39.5,H,5,0.020764828
08:39.6,H,5,0.022611856
08:39.6,H,5,0.009169817
08:39.6,H,5,0.008732319
08:39.6,H,5,0.017531872
08:39.7,H,5,0.030636072
08:39.7,H,5,0.024435043
08:39.8,H,5,0.010195017
08:39.8,H,5,0.008251905
08:39.8,H,6,0.008471012
08:39.8,H,6,0.008673906
08:39.9,H,6,0.027433872
08:39.9,H,6,0.022946835
08:40.0,H,6,0.022053003
08:40.0,H,6,0.031705856
08:40.1,H,6,0.011064053
08:40.1,H,6,0.009800911
08:40.1,H,6,0.022650957
08:40.2,H,6,0.02231288
08:40.2,H,6,0.010439873
08:40.2,H,6,0.008907795
08:40.2,H,6,0.008329868
08:40.3,H,6,0.008609056
08:40.3,H,6,0.008647203
08:40.3,H,6,0.022125006
08:40.4,H,6,0.022117138
08:40.4,H,6,0.03918004
08:40.5,H,6,0.010123968
08:40.5,H,6,0.009581089
08:40.5,H,6,0.030143976
08:40.6,H,6,0.061102867
08:40.7,H,6,0.015165806
08:40.7,H,6,0.025934935
08:40.7,H,6,0.011749983
08:40.8,H,6,0.018637657
08:40.8,H,6,0.022979259
08:40.9,H,6,0.010269403
08:40.9,H,6,0.009620905
08:40.9,H,6,0.008567095
08:40.9,H,6,0.008479357
08:40.9,H,6,0.008694172
08:41.0,H,6,0.011488914
08:41.0,H,6,0.035748243
08:41.1,H,6,0.022171974
08:41.1,H,6,0.025012016
08:41.2,H,6,0.010873795
08:41.2,H,6,0.024768829
08:41.3,H,6,0.031329155
08:41.3,H,6,0.012493134
08:41.3,H,6,0.0096488
08:41.3,H,6,0.009431124
08:41.4,H,6,0.008553982
08:41.4,H,6,0.009634018
08:41.4,H,6,0.008633852
08:41.4,H,6,0.029570818
08:41.5,H,6,0.025905848
08:41.5,H,6,0.027978897
08:41.6,H,6,0.026277065
08:41.6,H,6,0.010529757
08:41.7,H,7,0.011568069
08:41.7,H,7,0.014393091
08:41.7,H,7,0.010886192
08:41.8,H,7,0.027553082
08:41.8,H,7,0.010758877
08:41.8,H,7,0.010039806
08:41.8,H,7,0.010242701
08:41.9,H,7,0.009765148
08:41.9,H,7,0.056539059
08:42.0,H,7,0.037699938
08:42.1,H,7,0.029839039
08:42.1,H,7,0.012467384
08:42.1,H,7,0.012697935
08:42.1,H,7,0.021432161
08:42.2,H,7,0.021465778
08:42.2,H,7,0.020891905
08:42.3,H,7,0.012181044
08:42.3,H,7,0.01029706
08:42.3,H,7,0.009698153
08:42.3,H,7,0.009797812
08:42.4,H,7,0.00993824
08:42.4,H,7,0.029119015
08:42.4,H,7,0.026673317
08:42.5,H,7,0.031856775
08:42.6,H,7,0.03027606
08:42.6,H,7,0.011751175
08:42.6,H,7,0.035458088
08:42.7,H,7,0.037272215
08:42.7,H,7,0.011955976
08:42.8,H,7,0.01967597
08:42.8,H,7,0.012148857
08:42.8,H,7,0.009799242
08:42.9,H,7,0.020535231
08:42.9,H,7,0.045623779
08:43.0,H,7,0.025997162
08:43.0,H,7,0.011749983
08:43.1,H,7,0.022502899
08:43.1,H,7,0.028830051
08:43.2,H,7,0.04881525
08:43.2,H,7,0.014998198
08:43.2,H,7,0.014722109
08:43.3,H,7,0.010518074
08:43.3,H,7,0.010864973
08:43.3,H,7,0.013433933
08:43.4,H,7,0.054342985
08:43.4,H,7,0.02039814
08:43.5,H,7,0.01157093
08:43.5,H,7,0.010175943
08:43.5,H,7,0.010272026
08:43.6,H,7,0.036422729
08:43.6,H,8,0.039596081
08:43.7,H,8,0.020318031
08:43.7,H,8,0.012023926
08:43.7,H,8,0.011317015
08:43.8,H,8,0.019135952
08:43.8,H,8,0.016957045
08:43.9,H,8,0.036950827
08:43.9,H,8,0.033343792
08:43.9,H,8,0.013197184
08:44.0,H,8,0.011161089
08:44.0,H,8,0.010825157
08:44.0,H,8,0.038897038
08:44.1,H,8,0.031069279
08:44.1,H,8,0.01312995
08:44.2,H,8,0.011240959
08:44.2,H,8,0.011031866
08:44.2,H,8,0.010630131
08:44.3,H,8,0.030122995
08:44.3,H,8,0.032054901
08:44.3,H,8,0.017620087
08:44.4,H,8,0.012365103
08:44.4,H,8,0.011052847
08:44.4,H,8,0.021364927
08:44.5,H,8,0.033679008
08:44.6,H,8,0.054295063
08:44.6,H,8,0.013525009
08:44.6,H,8,0.0120821
08:44.7,H,8,0.063392162
08:44.8,H,8,0.027030945
08:44.8,H,8,0.01256609
08:44.8,H,8,0.011015177
08:44.8,H,8,0.010854721
08:44.9,H,8,0.011168003
08:44.9,H,8,0.010867119
08:44.9,H,8,0.010931969
08:45.0,H,8,0.058560848
08:45.0,H,8,0.037657022
08:45.1,H,8,0.04003787
08:45.1,H,8,0.01564002
08:45.2,H,8,0.011682034
08:45.2,H,8,0.023223162
08:45.3,H,8,0.034264088
08:45.3,H,8,0.015855074
08:45.3,H,8,0.0160501
08:45.4,H,8,0.011567116
08:45.4,H,8,0.011130095
08:45.4,H,8,0.010830164
08:45.4,H,8,0.030092955
08:45.5,H,8,0.051662683
08:45.6,H,8,0.045105934
16:49.8,H,1,0.001383066
16:49.8,H,1,0.00129509
16:49.8,H,1,0.00130105
16:49.8,H,1,0.001316786
16:49.9,H,1,0.001209259
16:49.9,H,1,0.001135826
16:49.9,H,1,0.001285076
16:49.9,H,1,0.001999855
16:49.9,H,1,0.001176834
16:49.9,H,1,0.001172781
16:49.9,H,1,0.001154184
16:50.0,H,1,0.011578083
16:50.0,H,1,0.001299858
16:50.0,H,1,0.001287937
16:50.0,H,1,0.001937866
16:50.1,H,1,0.001805067
16:50.1,H,1,0.002104044
16:50.1,H,1,0.001199961
16:50.1,H,1,0.001955986
16:50.1,H,1,0.001773119
16:50.2,H,1,0.001231194
16:50.2,H,1,0.001483917
16:50.2,H,1,0.001979828
16:50.2,H,1,0.008103132
16:50.2,H,1,0.001348734
16:50.3,H,1,0.001313925
16:50.3,H,1,0.007647991
16:50.3,H,1,0.001352072
16:50.3,H,1,0.001271009
16:50.3,H,1,0.001236916
16:50.4,H,1,0.001167774
16:50.4,H,1,0.001111031
16:50.4,H,1,0.001136303
16:50.4,H,1,0.002747059
16:50.4,H,1,0.004028797
16:50.4,H,1,0.001362085
16:50.5,H,1,0.001309872
16:50.5,H,1,0.001182795
16:50.5,H,1,0.001142979
16:50.5,H,1,0.001690149
16:50.5,H,1,0.00116992
16:50.5,H,1,0.00125289
16:50.5,H,1,0.00109005
16:50.6,H,1,0.002038717
16:50.6,H,1,0.001128912
16:50.6,H,1,0.001177788
16:50.6,H,1,0.001101255
16:50.6,H,1,0.011309862
16:50.7,H,1,0.001754045
16:50.7,H,2,0.009356022
16:50.7,H,2,0.005842209
16:50.7,H,2,0.007169008
16:50.8,H,2,0.006299973
16:50.8,H,2,0.010519028
16:50.8,H,2,0.005687952
16:50.8,H,2,0.005040884
16:50.9,H,2,0.020090103
16:50.9,H,2,0.005011082
16:50.9,H,2,0.009414911
16:50.9,H,2,0.004696131
16:51.0,H,2,0.004314184
16:51.0,H,2,0.004390001
16:51.0,H,2,0.004277945
16:51.0,H,2,0.004199028
16:51.0,H,2,0.004760742
16:51.0,H,2,0.00406003
16:51.1,H,2,0.004041195
16:51.1,H,2,0.004379988
16:51.1,H,2,0.015317917
16:51.1,H,2,0.004754066
16:51.2,H,2,0.004728079
16:51.2,H,2,0.004547119
16:51.2,H,2,0.003984213
16:51.2,H,2,0.004136801
16:51.2,H,2,0.004065752
16:51.2,H,2,0.004184008
16:51.2,H,2,0.004009008
16:51.3,H,2,0.004155874
16:51.3,H,2,0.008425951
16:51.3,H,2,0.005497932
16:51.4,H,2,0.008699179
16:51.4,H,2,0.004324913
16:51.4,H,2,0.004007101
16:51.4,H,2,0.004465818
16:51.4,H,2,0.004188299
16:51.4,H,2,0.00402689
16:51.5,H,2,0.004523039
16:51.5,H,2,0.00466609
16:51.5,H,2,0.004104853
16:51.5,H,2,0.004194021
16:51.5,H,2,0.004126072
16:51.5,H,2,0.015954018
16:51.6,H,2,0.015302896
16:51.6,H,2,0.017662048
16:51.7,H,2,0.006338835
16:51.7,H,2,0.008043051
16:51.7,H,2,0.008943796
16:51.8,H,2,0.009375095
16:51.8,H,2,0.017444134
16:51.9,H,3,0.017853737
16:51.9,H,3,0.019313812
16:51.9,H,3,0.008805037
16:51.9,H,3,0.006048203
16:52.0,H,3,0.006996155
16:52.0,H,3,0.010642767
16:52.0,H,3,0.012470007
16:52.1,H,3,0.021855831
16:52.1,H,3,0.022920847
16:52.2,H,3,0.006315947
16:52.2,H,3,0.006354809
16:52.2,H,3,0.010138988
16:52.2,H,3,0.014908314
16:52.3,H,3,0.017116785
16:52.3,H,3,0.018263102
16:52.4,H,3,0.013955116
16:52.4,H,3,0.006958008
16:52.4,H,3,0.017323017
16:52.5,H,3,0.013142824
16:52.5,H,3,0.009193897
16:52.5,H,3,0.008187771
16:52.5,H,3,0.005558014
16:52.6,H,3,0.005142927
16:52.6,H,3,0.005799294
16:52.6,H,3,0.011864901
16:52.6,H,3,0.015593052
16:52.7,H,3,0.018696308
16:52.7,H,3,0.016481161
16:52.8,H,3,0.019618988
16:52.8,H,3,0.031236887
16:52.9,H,3,0.019875765
16:52.9,H,3,0.029711246
16:53.0,H,3,0.006412983
16:53.0,H,3,0.006079912
16:53.0,H,3,0.005228043
16:53.0,H,3,0.00515604
16:53.0,H,3,0.0051651
16:53.1,H,3,0.018712044
16:53.1,H,3,0.024628878
16:53.2,H,3,0.02088809
16:53.2,H,3,0.012064934
16:53.2,H,3,0.006333113
16:53.3,H,3,0.00592804
16:53.3,H,3,0.005476952
16:53.3,H,3,0.00668788
16:53.3,H,3,0.017341137
16:53.4,H,3,0.01271081
16:53.4,H,3,0.009882212
16:53.4,H,3,0.013332844
16:53.5,H,3,0.006407976
16:53.5,H,4,0.006872892
16:53.5,H,4,0.020789862
16:53.6,H,4,0.020453215
16:53.6,H,4,0.02103281
16:53.7,H,4,0.010120869
16:53.7,H,4,0.007688999
16:53.7,H,4,0.007572889
16:53.7,H,4,0.006973982
16:53.8,H,4,0.012452126
16:53.8,H,4,0.028074026
16:53.9,H,4,0.024720907
16:53.9,H,4,0.046162844
16:54.0,H,4,0.025313139
16:54.1,H,4,0.016561747
16:54.1,H,4,0.007531881
16:54.1,H,4,0.008103848
16:54.1,H,4,0.007950783
16:54.2,H,4,0.007068872
16:54.2,H,4,0.006299973
16:54.2,H,4,0.006289005
16:54.2,H,4,0.006300926
16:54.2,H,4,0.015010118
16:54.3,H,4,0.028635025
16:54.4,H,4,0.025439024
16:54.4,H,4,0.019128799
16:54.4,H,4,0.008053541
16:54.5,H,4,0.008435965
16:54.5,H,4,0.012696028
16:54.5,H,4,0.010939121
16:54.6,H,4,0.011275053
16:54.6,H,4,0.007241011
16:54.6,H,4,0.006319046
16:54.6,H,4,0.006378889
16:54.6,H,4,0.006392002
16:54.7,H,4,0.006498098
16:54.7,H,4,0.026087284
16:54.7,H,4,0.018988848
16:54.8,H,4,0.021937132
16:54.8,H,4,0.023601055
16:54.9,H,4,0.020093918
16:54.9,H,4,0.007539988
16:54.9,H,4,0.022435188
16:55.0,H,4,0.017930031
16:55.0,H,4,0.012981892
16:55.0,H,4,0.007442951
16:55.0,H,4,0.006541252
16:55.1,H,4,0.006569862
16:55.1,H,4,0.006953955
16:55.1,H,4,0.006299257
16:55.1,H,4,0.020601988
16:55.2,H,5,0.021190166
16:55.2,H,5,0.026777267
16:55.3,H,5,0.026869059
16:55.3,H,5,0.023185015
16:55.4,H,5,0.022655964
16:55.4,H,5,0.027287245
16:55.5,H,5,0.009247065
16:55.5,H,5,0.008025169
16:55.5,H,5,0.007222176
16:55.5,H,5,0.00820303
16:55.5,H,5,0.008343935
16:55.6,H,5,0.027225971
16:55.7,H,5,0.043561935
16:55.7,H,5,0.034472227
16:55.8,H,5,0.023969889
16:55.8,H,5,0.033789873
16:55.9,H,5,0.027980089
16:55.9,H,5,0.009088993
16:55.9,H,5,0.008669138
16:55.9,H,5,0.007548094
16:56.0,H,5,0.007893324
16:56.0,H,5,0.008029938
16:56.0,H,5,0.007763863
16:56.0,H,5,0.008324146
16:56.0,H,5,0.008778095
16:56.1,H,5,0.02202177
16:56.2,H,5,0.023490191
16:56.2,H,5,0.019706249
16:56.2,H,5,0.02423811
16:56.3,H,5,0.020246983
16:56.3,H,5,0.019952059
16:56.4,H,5,0.016710758
16:56.4,H,5,0.009438038
16:56.4,H,5,0.008002043
16:56.4,H,5,0.007607937
16:56.5,H,5,0.008339405
16:56.5,H,5,0.007738113
16:56.5,H,5,0.008703947
16:56.5,H,5,0.01951313
16:56.6,H,5,0.025310993
16:56.7,H,5,0.009845972
16:56.7,H,5,0.011009216
16:56.7,H,5,0.009723902
16:56.8,H,5,0.013113022
16:56.8,H,5,0.025894165
16:56.9,H,5,0.020943165
16:56.9,H,5,0.009333134
16:56.9,H,5,0.008430243
16:56.9,H,5,0.009525061
16:57.0,H,5,0.02960515
16:57.0,H,6,0.035782099
16:57.1,H,6,0.010926723
16:57.1,H,6,0.01038003
16:57.1,H,6,0.009814978
16:57.2,H,6,0.028208733
16:57.2,H,6,0.020819187
16:57.3,H,6,0.024544001
16:57.3,H,6,0.010515928
16:57.3,H,6,0.018143892
16:57.4,H,6,0.010512829
16:57.4,H,6,0.008855104
16:57.4,H,6,0.036215782
16:57.5,H,6,0.023458242
16:57.5,H,6,0.026941061
16:57.6,H,6,0.013082981
16:57.6,H,6,0.010091066
16:57.6,H,6,0.00894618
16:57.6,H,6,0.008601665
16:57.7,H,6,0.025008917
16:57.7,H,6,0.023795128
16:57.8,H,6,0.025130033
16:57.8,H,6,0.020393848
16:57.8,H,6,0.020776987
16:57.9,H,6,0.010902166
16:57.9,H,6,0.01462388
16:57.9,H,6,0.023980856
16:58.0,H,6,0.010357141
16:58.0,H,6,0.009464025
16:58.0,H,6,0.008376837
16:58.0,H,6,0.008642912
16:58.1,H,6,0.008426905
16:58.1,H,6,0.010629177
16:58.2,H,6,0.042256117
16:58.2,H,6,0.046206951
16:58.3,H,6,0.020892143
16:58.4,H,6,0.030640125
16:58.4,H,6,0.013955116
16:58.4,H,6,0.009307861
16:58.4,H,6,0.00853014
16:58.5,H,6,0.008483171
16:58.5,H,6,0.00916791
16:58.5,H,6,0.010878086
16:58.5,H,6,0.020223856
16:58.6,H,6,0.027024984
16:58.6,H,6,0.025184155
16:58.7,H,6,0.025758028
16:58.7,H,6,0.01035428
16:58.7,H,6,0.017351866
16:58.8,H,6,0.026207924
16:58.8,H,6,0.023842096
16:58.9,H,7,0.024443865
16:58.9,H,7,0.011698246
16:58.9,H,7,0.01109004
16:59.0,H,7,0.017775059
16:59.0,H,7,0.011230946
16:59.0,H,7,0.029788971
16:59.1,H,7,0.031904936
16:59.1,H,7,0.020319939
16:59.2,H,7,0.011595964
16:59.2,H,7,0.009891033
16:59.2,H,7,0.030188084
16:59.3,H,7,0.025361776
16:59.3,H,7,0.032188177
16:59.4,H,7,0.021870136
16:59.4,H,7,0.014149189
16:59.4,H,7,0.011259079
16:59.5,H,7,0.035638094
16:59.5,H,7,0.035075903
16:59.6,H,7,0.011669874
16:59.6,H,7,0.010927916
16:59.6,H,7,0.009665966
16:59.6,H,7,0.011791945
16:59.7,H,7,0.042056322
16:59.8,H,7,0.034302235
16:59.8,H,7,0.012638092
16:59.8,H,7,0.01629734
16:59.9,H,7,0.030320883
16:59.9,H,7,0.026880026
17:00.0,H,7,0.012010098
17:00.0,H,7,0.012336016
17:00.0,H,7,0.011591911
17:00.1,H,7,0.010100842
17:00.1,H,7,0.010814905
17:00.1,H,7,0.014286041
17:00.2,H,7,0.038365841
17:00.2,H,7,0.033069134
17:00.3,H,7,0.025423765
17:00.3,H,7,0.012620926
17:00.4,H,7,0.028866053
17:00.4,H,7,0.03143096
17:00.5,H,7,0.015455961
17:00.5,H,7,0.011146069
17:00.5,H,7,0.01002717
17:00.5,H,7,0.01094389
17:00.6,H,7,0.01020503
17:00.6,H,7,0.027943134
17:00.7,H,7,0.033039093
17:00.7,H,7,0.025714874
17:00.8,H,7,0.019783258
17:00.8,H,7,0.011401892
17:00.8,H,8,0.0122962
17:00.9,H,8,0.048891306
17:01.0,H,8,0.033464909
17:01.0,H,8,0.021495104
17:01.0,H,8,0.012718678
17:01.1,H,8,0.046658039
17:01.1,H,8,0.024046898
17:01.2,H,8,0.013387918
17:01.2,H,8,0.01171422
17:01.2,H,8,0.011493921
17:01.2,H,8,0.010754108
17:01.3,H,8,0.010903835
17:01.3,H,8,0.011059046
17:01.3,H,8,0.051058292
17:01.4,H,8,0.053806782
17:01.5,H,8,0.030765057
17:01.5,H,8,0.012968302
17:01.5,H,8,0.011571884
17:01.5,H,8,0.010495186
17:01.6,H,8,0.031275988
17:01.7,H,8,0.032256126
17:01.7,H,8,0.022194862
17:01.7,H,8,0.012552023
17:01.7,H,8,0.011168957
17:01.8,H,8,0.010756016
17:01.8,H,8,0.011023045
17:01.8,H,8,0.038756132
17:01.9,H,8,0.030678988
17:02.0,H,8,0.02944994
17:02.0,H,8,0.013214827
17:02.0,H,8,0.012121201
17:02.0,H,8,0.011040926
17:02.1,H,8,0.013467789
17:02.1,H,8,0.034451008
17:02.2,H,8,0.030485153
17:02.2,H,8,0.01333499
17:02.2,H,8,0.012052059
17:02.3,H,8,0.010891914
17:02.3,H,8,0.027706861
17:02.4,H,8,0.036538124
17:02.4,H,8,0.031017065
17:02.4,H,8,0.013142109
17:02.5,H,8,0.011967897
17:02.5,H,8,0.012334824
17:02.6,H,8,0.058546066
17:02.6,H,8,0.040155888
17:02.7,H,8,0.012858868
17:02.7,H,8,0.011783838
17:02.7,H,8,0.010571957
17:02.7,H,8,0.011104822
22:31.3,H,1,0.001289845
22:31.3,H,1,0.001203299
22:31.3,H,1,0.001145124
22:31.3,H,1,0.001233101
22:31.3,H,1,0.001440763
22:31.3,H,1,0.001177788
22:31.4,H,1,0.001180887
22:31.4,H,1,0.001132727
22:31.4,H,1,0.001749039
22:31.4,H,1,0.001151085
22:31.4,H,1,0.001113176
22:31.4,H,1,0.001246929
22:31.4,H,1,0.001131058
22:31.5,H,1,0.013794184
22:31.5,H,1,0.010791302
22:31.5,H,1,0.001357794
22:31.6,H,1,0.00154686
22:31.6,H,1,0.001441002
22:31.6,H,1,0.001274824
22:31.6,H,1,0.001171827
22:31.6,H,1,0.001413822
22:31.6,H,1,0.001142025
22:31.6,H,1,0.001128197
22:31.7,H,1,0.001276016
22:31.7,H,1,0.001284838
22:31.7,H,1,0.001832008
22:31.7,H,1,0.001507998
22:31.7,H,1,0.001422167
22:31.7,H,1,0.001276255
22:31.8,H,1,0.001075983
22:31.8,H,1,0.001219988
22:31.8,H,1,0.001030922
22:31.8,H,1,0.001067877
22:31.8,H,1,0.001089096
22:31.8,H,1,0.001055956
22:31.8,H,1,0.001227856
22:31.9,H,1,0.001095772
22:31.9,H,1,0.001399994
22:31.9,H,1,0.001060963
22:31.9,H,1,0.00105381
22:31.9,H,1,0.001441956
22:31.9,H,1,0.007594347
22:32.0,H,1,0.004190922
22:32.0,H,1,0.001400709
22:32.0,H,1,0.00118804
22:32.0,H,1,0.001735926
22:32.0,H,1,0.00100565
22:32.1,H,1,0.001649141
22:32.1,H,1,0.003272057
22:32.1,H,2,0.007330894
22:32.1,H,2,0.005063057
22:32.1,H,2,0.010851145
22:32.2,H,2,0.007997274
22:32.2,H,2,0.004391193
22:32.2,H,2,0.00434494
22:32.2,H,2,0.004307985
22:32.2,H,2,0.005029917
22:32.2,H,2,0.004278183
22:32.3,H,2,0.004147053
22:32.3,H,2,0.00424695
22:32.3,H,2,0.004367828
22:32.3,H,2,0.004072189
22:32.3,H,2,0.008533716
22:32.4,H,2,0.005511761
22:32.4,H,2,0.004499912
22:32.4,H,2,0.004199028
22:32.4,H,2,0.00405097
22:32.4,H,2,0.004214764
22:32.4,H,2,0.004110098
22:32.5,H,2,0.004072189
22:32.5,H,2,0.004536152
22:32.5,H,2,0.005350113
22:32.5,H,2,0.004546881
22:32.5,H,2,0.009983063
22:32.6,H,2,0.004487038
22:32.6,H,2,0.004162788
22:32.6,H,2,0.004137993
22:32.6,H,2,0.0045259
22:32.6,H,2,0.004410028
22:32.7,H,2,0.004354954
22:32.7,H,2,0.00425005
22:32.7,H,2,0.00493598
22:32.7,H,2,0.004084826
22:32.7,H,2,0.004559755
22:32.8,H,2,0.017136097
22:32.8,H,2,0.006798267
22:32.8,H,2,0.005920887
22:32.8,H,2,0.0045681
22:32.9,H,2,0.004467964
22:32.9,H,2,0.004887104
22:32.9,H,2,0.004437923
22:32.9,H,2,0.004154205
22:32.9,H,2,0.004390001
22:33.0,H,2,0.021363974
22:33.0,H,2,0.019123793
22:33.1,H,2,0.00607419
22:33.1,H,2,0.009872913
22:33.1,H,2,0.011209965
22:33.2,H,2,0.016242743
22:33.2,H,3,0.018420935
22:33.3,H,3,0.00908494
22:33.3,H,3,0.013663054
22:33.3,H,3,0.006273031
22:33.3,H,3,0.005268812
22:33.3,H,3,0.004953146
22:33.4,H,3,0.022786856
22:33.4,H,3,0.017312765
22:33.5,H,3,0.013197899
22:33.5,H,3,0.017270088
22:33.5,H,3,0.015821218
22:33.6,H,3,0.008250952
22:33.6,H,3,0.008263111
22:33.7,H,3,0.022510767
22:33.7,H,3,0.015524864
22:33.7,H,3,0.006076097
22:33.7,H,3,0.005333185
22:33.8,H,3,0.005331755
22:33.8,H,3,0.005326271
22:33.8,H,3,0.024108171
22:33.8,H,3,0.017962933
22:33.9,H,3,0.016618013
22:33.9,H,3,0.026394844
22:34.0,H,3,0.020412922
22:34.0,H,3,0.005961895
22:34.0,H,3,0.010488987
22:34.1,H,3,0.008184671
22:34.1,H,3,0.031613111
22:34.2,H,3,0.010267973
22:34.2,H,3,0.026218176
22:34.3,H,3,0.008655787
22:34.3,H,3,0.020777941
22:34.3,H,3,0.006285906
22:34.4,H,3,0.006125212
22:34.4,H,3,0.00565505
22:34.4,H,3,0.005328894
22:34.4,H,3,0.005141973
22:34.4,H,3,0.005208731
22:34.5,H,3,0.027547121
22:34.5,H,3,0.030038118
22:34.6,H,3,0.017362833
22:34.6,H,3,0.010557175
22:34.7,H,3,0.006591082
22:34.7,H,3,0.00587225
22:34.7,H,3,0.027153969
22:34.8,H,3,0.017292976
22:34.8,H,3,0.008136749
22:34.8,H,3,0.007973909
22:34.9,H,3,0.006103039
22:34.9,H,3,0.013408899
22:34.9,H,4,0.006803036
22:34.9,H,4,0.006385803
22:34.9,H,4,0.006661892
22:35.0,H,4,0.02039814
22:35.0,H,4,0.01600194
22:35.1,H,4,0.017142057
22:35.1,H,4,0.016732931
22:35.1,H,4,0.009263992
22:35.2,H,4,0.019837141
22:35.2,H,4,0.021177053
22:35.3,H,4,0.013095856
22:35.3,H,4,0.009203911
22:35.3,H,4,0.00748229
22:35.3,H,4,0.006536961
22:35.3,H,4,0.005994081
22:35.4,H,4,0.006155014
22:35.4,H,4,0.00652194
22:35.4,H,4,0.023740768
22:35.5,H,4,0.023847342
22:35.5,H,4,0.020385981
22:35.6,H,4,0.014253139
22:35.6,H,4,0.01511097
22:35.6,H,4,0.007180691
22:35.6,H,4,0.009717941
22:35.7,H,4,0.033637762
22:35.8,H,4,0.027102947
22:35.8,H,4,0.007690668
22:35.8,H,4,0.007061958
22:35.8,H,4,0.006345987
22:35.8,H,4,0.006479025
22:35.9,H,4,0.027177095
22:35.9,H,4,0.013602018
22:36.0,H,4,0.01338172
22:36.0,H,4,0.012601137
22:36.0,H,4,0.016086817
22:36.1,H,4,0.008223057
22:36.1,H,4,0.013253927
22:36.2,H,4,0.027580023
22:36.2,H,4,0.020925045
22:36.2,H,4,0.007505894
22:36.2,H,4,0.006472826
22:36.3,H,4,0.006190777
22:36.3,H,4,0.02896595
22:36.4,H,4,0.012152672
22:36.4,H,4,0.018719912
22:36.4,H,4,0.025839806
22:36.5,H,4,0.007863045
22:36.5,H,4,0.007415056
22:36.5,H,4,0.006245136
22:36.5,H,4,0.027164936
22:36.6,H,5,0.026397943
22:36.7,H,5,0.021068096
22:36.7,H,5,0.026963949
22:36.7,H,5,0.009309053
22:36.7,H,5,0.008584023
22:36.8,H,5,0.018504143
22:36.8,H,5,0.031075239
22:36.9,H,5,0.037399054
22:36.9,H,5,0.009329081
22:36.9,H,5,0.008324146
22:37.0,H,5,0.008033037
22:37.0,H,5,0.00865984
22:37.1,H,5,0.040040016
22:37.1,H,5,0.019588709
22:37.1,H,5,0.009402275
22:37.2,H,5,0.008388042
22:37.2,H,5,0.007703066
22:37.2,H,5,0.014786005
22:37.3,H,5,0.013640881
22:37.3,H,5,0.022861004
22:37.3,H,5,0.011445999
22:37.4,H,5,0.010418892
22:37.4,H,5,0.008196115
22:37.4,H,5,0.008384943
22:37.5,H,5,0.021346092
22:37.5,H,5,0.018572092
22:37.6,H,5,0.025563955
22:37.6,H,5,0.009868145
22:37.6,H,5,0.010061026
22:37.6,H,5,0.007604122
22:37.7,H,5,0.026165009
22:37.7,H,5,0.013768911
22:37.8,H,5,0.02558589
22:37.8,H,5,0.009061098
22:37.8,H,5,0.008493185
22:37.8,H,5,0.007944822
22:37.9,H,5,0.021127939
22:37.9,H,5,0.021850109
22:38.0,H,5,0.023983955
22:38.0,H,5,0.025324821
22:38.0,H,5,0.016499996
22:38.1,H,5,0.009330988
22:38.1,H,5,0.017083883
22:38.1,H,5,0.02157402
22:38.2,H,5,0.031305075
22:38.2,H,5,0.010099888
22:38.3,H,5,0.011043072
22:38.3,H,5,0.01187396
22:38.4,H,5,0.041030884
22:38.4,H,5,0.026348114
22:38.5,H,6,0.010326147
22:38.5,H,6,0.017723083
22:38.5,H,6,0.00895834
22:38.6,H,6,0.030578852
22:38.6,H,6,0.010457039
22:38.6,H,6,0.023077011
22:38.7,H,6,0.024784803
22:38.7,H,6,0.01237011
22:38.8,H,6,0.01020813
22:38.8,H,6,0.009793997
22:38.8,H,6,0.032042027
22:38.9,H,6,0.032546997
22:39.0,H,6,0.036050797
22:39.0,H,6,0.010243654
22:39.0,H,6,0.008930683
22:39.0,H,6,0.008480072
22:39.1,H,6,0.027504921
22:39.1,H,6,0.044052839
22:39.2,H,6,0.02087307
22:39.2,H,6,0.010503292
22:39.2,H,6,0.009585857
22:39.3,H,6,0.008938074
22:39.3,H,6,0.01177907
22:39.4,H,6,0.040246964
22:39.4,H,6,0.023386955
22:39.4,H,6,0.011439085
22:39.5,H,6,0.009296179
22:39.5,H,6,0.008556128
22:39.5,H,6,0.011441946
22:39.6,H,6,0.034188986
22:39.6,H,6,0.033899069
22:39.7,H,6,0.020618916
22:39.7,H,6,0.010007858
22:39.7,H,6,0.028254271
22:39.8,H,6,0.028423071
22:39.9,H,6,0.017653227
22:39.9,H,6,0.009688854
22:39.9,H,6,0.00888586
22:39.9,H,6,0.008581161
22:39.9,H,6,0.008932829
22:40.0,H,6,0.010254145
22:40.0,H,6,0.024213076
22:40.1,H,6,0.033228159
22:40.1,H,6,0.03650403
22:40.2,H,6,0.010823011
22:40.2,H,6,0.028310061
22:40.2,H,6,0.020128012
22:40.3,H,6,0.024291992
22:40.3,H,6,0.012639046
22:40.3,H,6,0.009220123
22:40.4,H,7,0.009691954
22:40.4,H,7,0.009630919
22:40.4,H,7,0.009943008
22:40.5,H,7,0.034994841
22:40.5,H,7,0.043968916
22:40.6,H,7,0.035563946
22:40.6,H,7,0.021064997
22:40.7,H,7,0.013402939
22:40.7,H,7,0.013800144
22:40.8,H,7,0.034821749
22:40.8,H,7,0.012027979
22:40.8,H,7,0.010510921
22:40.8,H,7,0.009721756
22:40.9,H,7,0.009667158
22:40.9,H,7,0.010025978
22:41.0,H,7,0.049860001
22:41.0,H,7,0.034405947
22:41.1,H,7,0.035745144
22:41.1,H,7,0.035011053
22:41.2,H,7,0.011347771
22:41.2,H,7,0.010215998
22:41.2,H,7,0.011778116
22:41.2,H,7,0.010329962
22:41.3,H,7,0.009806156
22:41.3,H,7,0.010232925
22:41.3,H,7,0.00948
22:41.3,H,7,0.010209084
22:41.4,H,7,0.009887934
22:41.4,H,7,0.036531925
22:41.5,H,7,0.039888144
22:41.5,H,7,0.030410051
22:41.6,H,7,0.039391994
22:41.7,H,7,0.031955957
22:41.7,H,7,0.011931896
22:41.7,H,7,0.009716034
22:41.7,H,7,0.009865761
22:41.7,H,7,0.010286093
22:41.8,H,7,0.009943724
22:41.8,H,7,0.010248899
22:41.8,H,7,0.036935091
22:41.9,H,7,0.035089016
22:42.0,H,7,0.025053024
22:42.0,H,7,0.012720108
22:42.0,H,7,0.010269165
22:42.0,H,7,0.011293173
22:42.2,H,7,0.074884176
22:42.2,H,7,0.026495934
22:42.2,H,7,0.011273861
22:42.3,H,7,0.024863005
22:42.3,H,7,0.013464928
22:42.4,H,8,0.014996052
22:42.4,H,8,0.012799263
22:42.4,H,8,0.01074791
22:42.4,H,8,0.01098299
22:42.5,H,8,0.010807037
22:42.5,H,8,0.010735989
22:42.5,H,8,0.029798985
22:42.6,H,8,0.035306931
22:42.6,H,8,0.039300919
22:42.7,H,8,0.02511692
22:42.7,H,8,0.012002945
22:42.7,H,8,0.021970987
22:42.8,H,8,0.031291008
22:42.8,H,8,0.019165277
22:42.9,H,8,0.011868238
22:42.9,H,8,0.011634111
22:42.9,H,8,0.01111412
22:42.9,H,8,0.011025906
22:43.0,H,8,0.010455132
22:43.0,H,8,0.034072876
22:43.1,H,8,0.037153006
22:43.1,H,8,0.033998966
22:43.2,H,8,0.013363123
22:43.2,H,8,0.01335597
22:43.2,H,8,0.011144876
22:43.3,H,8,0.026082039
22:43.3,H,8,0.037538052
22:43.4,H,8,0.012907743
22:43.4,H,8,0.011066914
22:43.4,H,8,0.0109272
22:43.4,H,8,0.010752678
22:43.5,H,8,0.050781012
22:43.6,H,8,0.046275139
22:43.6,H,8,0.028339148
22:43.7,H,8,0.01325798
22:43.7,H,8,0.012398005
22:43.7,H,8,0.010715961
22:43.7,H,8,0.033047199
22:43.8,H,8,0.035140276
22:43.9,H,8,0.014988184
22:43.9,H,8,0.012094021
22:43.9,H,8,0.010963202
22:43.9,H,8,0.010799885
22:43.9,H,8,0.010652781
22:44.0,H,8,0.02128005
22:44.0,H,8,0.034569025
22:44.1,H,8,0.031990051
22:44.1,H,8,0.020836115
22:44.2,H,8,0.011952162
22:44.2,H,8,0.024866104