currenttime,option,k,f,time
2018-02-28 13:49:27.783414,opt2,2,0.01,0.14777803421020508
2018-02-28 13:49:27.813423,opt3,2,0.01,0.02884697914123535
2018-02-28 13:49:27.864702,opt4,2,0.01,0.0500791072845459
2018-02-28 13:49:27.967944,opt5,2,0.01,0.10220098495483398
2018-02-28 13:49:37.851256,opt6,2,0.01,9.88223385810852
2018-02-28 13:49:38.026585,opt2,2,0.01,0.17188596725463867
2018-02-28 13:49:38.055815,opt3,2,0.01,0.028219938278198242
2018-02-28 13:49:38.087183,opt4,2,0.01,0.030373096466064453
2018-02-28 13:49:38.190467,opt5,2,0.01,0.10241889953613281
2018-02-28 13:49:48.074728,opt6,2,0.01,9.883248090744019
2018-02-28 13:49:54.252974,opt2,3,0.01,0.2086939811706543
2018-02-28 13:49:54.286422,opt3,3,0.01,0.03212904930114746
2018-02-28 13:49:54.366164,opt4,3,0.01,0.07880592346191406
2018-02-28 13:49:54.763425,opt5,3,0.01,0.3962738513946533
2018-02-28 13:50:15.590386,opt6,3,0.01,20.825987100601196
2018-02-28 13:50:15.821116,opt2,3,0.01,0.2270660400390625
2018-02-28 13:50:15.857567,opt3,3,0.01,0.035490989685058594
2018-02-28 13:50:15.935059,opt4,3,0.01,0.07649612426757812
2018-02-28 13:50:16.423227,opt5,3,0.01,0.4870870113372803
2018-02-28 13:50:37.742078,opt6,3,0.01,21.317654132843018
2018-02-28 13:50:42.852375,opt2,4,0.01,0.2622721195220947
2018-02-28 13:50:42.896729,opt3,4,0.01,0.04326200485229492
2018-02-28 13:50:42.996727,opt4,4,0.01,0.09891104698181152
2018-02-28 13:50:43.741480,opt5,4,0.01,0.7437269687652588
2018-02-28 13:51:18.333483,opt6,4,0.01,34.59085011482239
2018-02-28 13:51:18.632470,opt2,4,0.01,0.2948579788208008
2018-02-28 13:51:18.674798,opt3,4,0.01,0.04123401641845703
2018-02-28 13:51:18.789914,opt4,4,0.01,0.11412191390991211
2018-02-28 13:51:19.546143,opt5,4,0.01,0.7552168369293213
2018-02-28 13:51:54.094222,opt6,4,0.01,34.54697585105896
2018-02-28 13:51:58.626010,opt2,5,0.01,0.3478200435638428
2018-02-28 13:51:58.746559,opt3,5,0.01,0.11941003799438477
2018-02-28 13:51:58.944980,opt4,5,0.01,0.19701600074768066
2018-02-28 13:51:59.923968,opt5,5,0.01,0.9777610301971436
2018-02-28 13:52:54.110407,opt6,5,0.01,54.185407876968384
2018-02-28 13:52:54.471648,opt2,5,0.01,0.3570239543914795
2018-02-28 13:52:54.521671,opt3,5,0.01,0.04895782470703125
2018-02-28 13:52:54.645579,opt4,5,0.01,0.12293100357055664
2018-02-28 13:52:55.458277,opt5,5,0.01,0.8118078708648682
2018-02-28 13:53:43.323864,opt6,5,0.01,47.86449217796326
2018-02-28 13:53:47.114621,opt2,6,0.01,0.3742249011993408
2018-02-28 13:53:47.188291,opt3,6,0.01,0.07248497009277344
2018-02-28 13:53:47.324382,opt4,6,0.01,0.13493585586547852
2018-02-28 13:53:48.134162,opt5,6,0.01,0.8086941242218018
2018-02-28 13:55:08.205425,opt6,6,0.01,80.07008695602417
2018-02-28 13:55:08.700683,opt2,6,0.01,0.4902379512786865
2018-02-28 13:55:08.776639,opt3,6,0.01,0.07479000091552734
2018-02-28 13:55:08.910891,opt4,6,0.01,0.1331160068511963
2018-02-28 13:55:09.897358,opt5,6,0.01,0.9851481914520264
2018-02-28 13:56:15.303016,opt6,6,0.01,65.40448594093323
2018-02-28 13:56:18.864046,opt2,7,0.01,0.3784520626068115
2018-02-28 13:56:18.932233,opt3,7,0.01,0.06708693504333496
2018-02-28 13:56:19.058179,opt4,7,0.01,0.12481093406677246
2018-02-28 13:56:20.915541,opt5,7,0.01,1.856292963027954
2018-02-28 13:57:56.225070,opt6,7,0.01,95.30828309059143
2018-02-28 13:57:56.694311,opt2,7,0.01,0.46433210372924805
2018-02-28 13:57:56.767108,opt3,7,0.01,0.07160210609436035
2018-02-28 13:57:56.906725,opt4,7,0.01,0.13858413696289062
2018-02-28 13:57:58.638344,opt5,7,0.01,1.7305920124053955
2018-02-28 13:59:44.683671,opt6,7,0.01,106.04410791397095
2018-02-28 13:59:48.465601,opt2,8,0.01,0.578909158706665
2018-02-28 13:59:48.554156,opt3,8,0.01,0.08722496032714844
2018-02-28 13:59:48.691022,opt4,8,0.01,0.13553190231323242
2018-02-28 14:02:19.563440,opt5,8,0.01,150.87089085578918
2018-02-28 14:04:17.382282,opt6,8,0.01,117.81236696243286
2018-02-28 14:04:17.893415,opt2,8,0.01,0.5041332244873047
2018-02-28 14:04:17.969761,opt3,8,0.01,0.07527494430541992
2018-02-28 14:04:18.096558,opt4,8,0.01,0.12581896781921387
2018-02-28 14:06:31.221884,opt5,8,0.01,133.1242392063141
2018-02-28 14:08:42.140713,opt6,8,0.01,130.91721105575562
2018-02-28 14:19:27.234335,opt2,2,0.01,0.1690218448638916
2018-02-28 14:19:27.264909,opt3,2,0.01,0.02921295166015625
2018-02-28 14:19:27.321268,opt4,2,0.01,0.055357933044433594
2018-02-28 14:19:27.431256,opt5,2,0.01,0.10900521278381348
2018-02-28 14:19:36.684218,opt6,2,0.01,9.251989126205444
2018-02-28 14:19:36.810727,opt2,2,0.01,0.12298989295959473
2018-02-28 14:19:36.839819,opt3,2,0.01,0.02802896499633789
2018-02-28 14:19:36.870217,opt4,2,0.01,0.02947378158569336
2018-02-28 14:19:36.941683,opt5,2,0.01,0.07055211067199707
2018-02-28 14:19:46.938169,opt6,2,0.01,9.995412826538086
2018-02-28 14:19:47.104883,opt2,2,0.01,0.16314911842346191
2018-02-28 14:19:47.133449,opt3,2,0.01,0.027516841888427734
2018-02-28 14:19:47.201879,opt4,2,0.01,0.06737518310546875
2018-02-28 14:19:47.276399,opt5,2,0.01,0.0735478401184082
2018-02-28 14:19:57.265445,opt6,2,0.01,9.988042116165161
2018-02-28 14:19:57.425463,opt2,2,0.01,0.15570497512817383
2018-02-28 14:19:57.464188,opt3,2,0.01,0.03770303726196289
2018-02-28 14:19:57.545248,opt4,2,0.01,0.08014583587646484
2018-02-28 14:19:57.696396,opt5,2,0.01,0.15012288093566895
2018-02-28 14:20:07.127411,opt6,2,0.01,9.42976689338684
2018-02-28 14:20:07.283680,opt2,2,0.01,0.15285396575927734
2018-02-28 14:20:07.313526,opt3,2,0.01,0.028522968292236328
2018-02-28 14:20:07.368631,opt4,2,0.01,0.05413484573364258
2018-02-28 14:20:07.486658,opt5,2,0.01,0.117034912109375
2018-02-28 14:20:16.884947,opt6,2,0.01,9.39719295501709
2018-02-28 14:20:17.061160,opt2,2,0.01,0.1726210117340088
2018-02-28 14:20:17.094188,opt3,2,0.01,0.03193211555480957
2018-02-28 14:20:17.126566,opt4,2,0.01,0.0312800407409668
2018-02-28 14:20:17.256660,opt5,2,0.01,0.1290879249572754
2018-02-28 14:20:27.139694,opt6,2,0.01,9.88182282447815
2018-02-28 14:20:27.314143,opt2,2,0.01,0.17071104049682617
2018-02-28 14:20:27.343357,opt3,2,0.01,0.028064966201782227
2018-02-28 14:20:27.394515,opt4,2,0.01,0.050292015075683594
2018-02-28 14:20:27.500732,opt5,2,0.01,0.10530304908752441
2018-02-28 14:20:37.951877,opt6,2,0.01,10.450258016586304
2018-02-28 14:20:38.085110,opt2,2,0.01,0.12970495223999023
2018-02-28 14:20:38.115381,opt3,2,0.01,0.029129981994628906
2018-02-28 14:20:38.173868,opt4,2,0.01,0.05735588073730469
2018-02-28 14:20:38.258619,opt5,2,0.01,0.08382487297058105
2018-02-28 14:20:48.140973,opt6,2,0.01,9.881294965744019
2018-02-28 14:20:48.293167,opt2,2,0.01,0.1488780975341797
2018-02-28 14:20:48.323309,opt3,2,0.01,0.029098033905029297
2018-02-28 14:20:48.378150,opt4,2,0.01,0.05382513999938965
2018-02-28 14:20:48.472984,opt5,2,0.01,0.09377598762512207
2018-02-28 14:20:58.597866,opt6,2,0.01,10.123783111572266
2018-02-28 14:20:58.738583,opt2,2,0.01,0.13708281517028809
2018-02-28 14:20:58.767408,opt3,2,0.01,0.02775287628173828
2018-02-28 14:20:58.825009,opt4,2,0.01,0.05665087699890137
2018-02-28 14:20:58.881656,opt5,2,0.01,0.055626869201660156
2018-02-28 14:21:08.047657,opt6,2,0.01,9.165038824081421
2018-02-28 14:21:08.185744,opt2,2,0.01,0.13449978828430176
2018-02-28 14:21:08.215867,opt3,2,0.01,0.029117822647094727
2018-02-28 14:21:08.287103,opt4,2,0.01,0.07019305229187012
2018-02-28 14:21:08.361471,opt5,2,0.01,0.0733180046081543
2018-02-28 14:21:18.168073,opt6,2,0.01,9.805591106414795
2018-02-28 14:21:18.301740,opt2,2,0.01,0.1301720142364502
2018-02-28 14:21:18.329614,opt3,2,0.01,0.026806116104125977
2018-02-28 14:21:18.385696,opt4,2,0.01,0.05503988265991211
2018-02-28 14:21:18.484696,opt5,2,0.01,0.09800004959106445
2018-02-28 14:21:27.352750,opt6,2,0.01,8.867012977600098
2018-02-28 14:21:27.509089,opt2,2,0.01,0.15265202522277832
2018-02-28 14:21:27.536175,opt3,2,0.01,0.02602100372314453
2018-02-28 14:21:27.595127,opt4,2,0.01,0.05792689323425293
2018-02-28 14:21:27.704571,opt5,2,0.01,0.10833096504211426
2018-02-28 14:21:37.502396,opt6,2,0.01,9.79668402671814
2018-02-28 14:21:37.727088,opt2,2,0.01,0.22031617164611816
2018-02-28 14:21:37.761053,opt3,2,0.01,0.03293800354003906
2018-02-28 14:21:37.835644,opt4,2,0.01,0.07335209846496582
2018-02-28 14:21:37.938579,opt5,2,0.01,0.10182690620422363
2018-02-28 14:21:48.767691,opt6,2,0.01,10.828094005584717
2018-02-28 14:21:48.920892,opt2,2,0.01,0.14976787567138672
2018-02-28 14:21:48.954612,opt3,2,0.01,0.03249001502990723
2018-02-28 14:21:48.991501,opt4,2,0.01,0.0357508659362793
2018-02-28 14:21:49.120164,opt5,2,0.01,0.12754106521606445
2018-02-28 14:21:59.423852,opt6,2,0.01,10.302635908126831
2018-02-28 14:21:59.549923,opt2,2,0.01,0.12248802185058594
2018-02-28 14:21:59.611189,opt3,2,0.01,0.0602869987487793
2018-02-28 14:21:59.677972,opt4,2,0.01,0.06585288047790527
2018-02-28 14:21:59.760010,opt5,2,0.01,0.08085417747497559
2018-02-28 14:22:09.436068,opt6,2,0.01,9.675022840499878
2018-02-28 14:22:09.562752,opt2,2,0.01,0.12320995330810547
2018-02-28 14:22:09.594707,opt3,2,0.01,0.030887126922607422
2018-02-28 14:22:09.660219,opt4,2,0.01,0.06446313858032227
2018-02-28 14:22:09.740357,opt5,2,0.01,0.07914304733276367
2018-02-28 14:22:19.238323,opt6,2,0.01,9.497035026550293
2018-02-28 14:22:19.406330,opt2,2,0.01,0.16441082954406738
2018-02-28 14:22:19.433791,opt3,2,0.01,0.026311874389648438
2018-02-28 14:22:19.508736,opt4,2,0.01,0.0738518238067627
2018-02-28 14:22:19.628981,opt5,2,0.01,0.11928486824035645
2018-02-28 14:22:28.792079,opt6,2,0.01,9.162038087844849
2018-02-28 14:22:28.921539,opt2,2,0.01,0.12584710121154785
2018-02-28 14:22:28.951374,opt3,2,0.01,0.028837919235229492
2018-02-28 14:22:28.988670,opt4,2,0.01,0.0363008975982666
2018-02-28 14:22:29.074669,opt5,2,0.01,0.08502483367919922
2018-02-28 14:22:38.880968,opt6,2,0.01,9.805339097976685
2018-02-28 14:22:39.043175,opt2,2,0.01,0.15871286392211914
2018-02-28 14:22:39.104430,opt3,2,0.01,0.06012296676635742
2018-02-28 14:22:39.180859,opt4,2,0.01,0.07537984848022461
2018-02-28 14:22:39.285287,opt5,2,0.01,0.10342907905578613
2018-02-28 14:22:48.963405,opt6,2,0.01,9.677037000656128
2018-02-28 14:22:55.443956,opt2,3,0.01,0.17427515983581543
2018-02-28 14:22:55.479101,opt3,3,0.01,0.03400611877441406
2018-02-28 14:22:55.569843,opt4,3,0.01,0.08972811698913574
2018-02-28 14:22:55.983889,opt5,3,0.01,0.4130289554595947
2018-02-28 14:23:15.518127,opt6,3,0.01,19.533026933670044
2018-02-28 14:23:15.699025,opt2,3,0.01,0.17698311805725098
2018-02-28 14:23:15.735293,opt3,3,0.01,0.03492093086242676
2018-02-28 14:23:15.798616,opt4,3,0.01,0.06219291687011719
2018-02-28 14:23:16.252577,opt5,3,0.01,0.4528238773345947
2018-02-28 14:23:37.709022,opt6,3,0.01,21.455157995224
2018-02-28 14:23:37.886596,opt2,3,0.01,0.17384886741638184
2018-02-28 14:23:37.925914,opt3,3,0.01,0.038184165954589844
2018-02-28 14:23:37.980823,opt4,3,0.01,0.053811073303222656
2018-02-28 14:23:38.483121,opt5,3,0.01,0.5012819766998291
2018-02-28 14:23:57.425390,opt6,3,0.01,18.94114899635315
2018-02-28 14:23:57.612191,opt2,3,0.01,0.18343591690063477
2018-02-28 14:23:57.650153,opt3,3,0.01,0.03679800033569336
2018-02-28 14:23:57.708415,opt4,3,0.01,0.05727791786193848
2018-02-28 14:23:58.303800,opt5,3,0.01,0.594243049621582
2018-02-28 14:24:17.439828,opt6,3,0.01,19.1347599029541
2018-02-28 14:24:17.753457,opt2,3,0.01,0.3073089122772217
2018-02-28 14:24:17.787499,opt3,3,0.01,0.03280305862426758
2018-02-28 14:24:17.866647,opt4,3,0.01,0.07805013656616211
2018-02-28 14:24:18.273831,opt5,3,0.01,0.40602588653564453
2018-02-28 14:24:39.344703,opt6,3,0.01,21.069603204727173
2018-02-28 14:24:39.517836,opt2,3,0.01,0.1690540313720703
2018-02-28 14:24:39.552697,opt3,3,0.01,0.03367304801940918
2018-02-28 14:24:39.640948,opt4,3,0.01,0.08710980415344238
2018-02-28 14:24:40.089866,opt5,3,0.01,0.447969913482666
2018-02-28 14:24:59.602896,opt6,3,0.01,19.5119469165802
2018-02-28 14:24:59.789411,opt2,3,0.01,0.1830449104309082
2018-02-28 14:24:59.821892,opt3,3,0.01,0.031219005584716797
2018-02-28 14:24:59.879312,opt4,3,0.01,0.05631589889526367
2018-02-28 14:25:00.283762,opt5,3,0.01,0.4033620357513428
2018-02-28 14:25:17.461564,opt6,3,0.01,17.176408052444458
2018-02-28 14:25:17.667194,opt2,3,0.01,0.20184588432312012
2018-02-28 14:25:17.700569,opt3,3,0.01,0.03222990036010742
2018-02-28 14:25:17.772238,opt4,3,0.01,0.07055401802062988
2018-02-28 14:25:18.259776,opt5,3,0.01,0.48659706115722656
2018-02-28 14:25:40.614778,opt6,3,0.01,22.353804111480713
2018-02-28 14:25:40.815733,opt2,3,0.01,0.19720816612243652
2018-02-28 14:25:40.848545,opt3,3,0.01,0.031890869140625
2018-02-28 14:25:40.912969,opt4,3,0.01,0.06358885765075684
2018-02-28 14:25:41.456198,opt5,3,0.01,0.5423281192779541
2018-02-28 14:26:00.626392,opt6,3,0.01,19.16920518875122
2018-02-28 14:26:00.836302,opt2,3,0.01,0.20627498626708984
2018-02-28 14:26:00.874559,opt3,3,0.01,0.03713488578796387
2018-02-28 14:26:00.971266,opt4,3,0.01,0.09574317932128906
2018-02-28 14:26:01.442138,opt5,3,0.01,0.4694981575012207
2018-02-28 14:26:18.640515,opt6,3,0.01,17.19720196723938
2018-02-28 14:26:18.821966,opt2,3,0.01,0.17784404754638672
2018-02-28 14:26:18.855158,opt3,3,0.01,0.032269954681396484
2018-02-28 14:26:18.939023,opt4,3,0.01,0.08280420303344727
2018-02-28 14:26:19.407439,opt5,3,0.01,0.4674670696258545
2018-02-28 14:26:38.452957,opt6,3,0.01,19.044363975524902
2018-02-28 14:26:38.636837,opt2,3,0.01,0.18009209632873535
2018-02-28 14:26:38.725794,opt3,3,0.01,0.08789300918579102
2018-02-28 14:26:38.801729,opt4,3,0.01,0.0749669075012207
2018-02-28 14:26:39.380215,opt5,3,0.01,0.5775070190429688
2018-02-28 14:27:01.345327,opt6,3,0.01,21.964021921157837
2018-02-28 14:27:01.563790,opt2,3,0.01,0.21484684944152832
2018-02-28 14:27:01.599118,opt3,3,0.01,0.03427886962890625
2018-02-28 14:27:01.652246,opt4,3,0.01,0.0522310733795166
2018-02-28 14:27:02.060491,opt5,3,0.01,0.40733909606933594
2018-02-28 14:27:22.270081,opt6,3,0.01,20.20860004425049
2018-02-28 14:27:22.518184,opt2,3,0.01,0.24426817893981934
2018-02-28 14:27:22.558923,opt3,3,0.01,0.039617061614990234
2018-02-28 14:27:22.641270,opt4,3,0.01,0.08120894432067871
2018-02-28 14:27:23.121974,opt5,3,0.01,0.47963809967041016
2018-02-28 14:27:43.490885,opt6,3,0.01,20.36769700050354
2018-02-28 14:27:43.668772,opt2,3,0.01,0.174360990524292
2018-02-28 14:27:43.702194,opt3,3,0.01,0.0321199893951416
2018-02-28 14:27:43.769429,opt4,3,0.01,0.06615400314331055
2018-02-28 14:27:44.260010,opt5,3,0.01,0.4894897937774658
2018-02-28 14:28:03.075107,opt6,3,0.01,18.813668966293335
2018-02-28 14:28:03.257848,opt2,3,0.01,0.1785869598388672
2018-02-28 14:28:03.300557,opt3,3,0.01,0.04139900207519531
2018-02-28 14:28:03.375762,opt4,3,0.01,0.07401800155639648
2018-02-28 14:28:03.870009,opt5,3,0.01,0.4929051399230957
2018-02-28 14:28:30.114578,opt6,3,0.01,26.243462085723877
2018-02-28 14:28:30.482342,opt2,3,0.01,0.36205387115478516
2018-02-28 14:28:30.567562,opt3,3,0.01,0.0839848518371582
2018-02-28 14:28:30.688746,opt4,3,0.01,0.1199641227722168
2018-02-28 14:28:31.323205,opt5,3,0.01,0.6333208084106445
2018-02-28 14:28:52.235314,opt6,3,0.01,20.910881996154785
2018-02-28 14:28:52.389837,opt2,3,0.01,0.15093183517456055
2018-02-28 14:28:52.424914,opt3,3,0.01,0.03391098976135254
2018-02-28 14:28:52.512023,opt4,3,0.01,0.0861060619354248
2018-02-28 14:28:53.033632,opt5,3,0.01,0.5204689502716064
2018-02-28 14:29:13.971841,opt6,3,0.01,20.936830043792725
2018-02-28 14:29:14.147818,opt2,3,0.01,0.17225885391235352
2018-02-28 14:29:14.182282,opt3,3,0.01,0.03327512741088867
2018-02-28 14:29:14.270559,opt4,3,0.01,0.08726692199707031
2018-02-28 14:29:14.704187,opt5,3,0.01,0.4324641227722168
2018-02-28 14:29:35.848218,opt6,3,0.01,21.142791986465454
2018-02-28 14:29:36.133354,opt2,3,0.01,0.2779700756072998
2018-02-28 14:29:36.176258,opt3,3,0.01,0.041760921478271484
2018-02-28 14:29:36.289483,opt4,3,0.01,0.11216187477111816
2018-02-28 14:29:36.818886,opt5,3,0.01,0.528156042098999
2018-02-28 14:30:01.961452,opt6,3,0.01,25.14128589630127
2018-02-28 14:30:06.954544,opt2,4,0.01,0.2029128074645996
2018-02-28 14:30:06.994318,opt3,4,0.01,0.03861808776855469
2018-02-28 14:30:07.149098,opt4,4,0.01,0.1536240577697754
2018-02-28 14:30:07.951521,opt5,4,0.01,0.8012919425964355
2018-02-28 14:30:41.314251,opt6,4,0.01,33.36148285865784
2018-02-28 14:30:41.631235,opt2,4,0.01,0.3119511604309082
2018-02-28 14:30:41.677530,opt3,4,0.01,0.045172929763793945
2018-02-28 14:30:41.798458,opt4,4,0.01,0.12000799179077148
2018-02-28 14:30:42.545246,opt5,4,0.01,0.7459640502929688
2018-02-28 14:31:21.370403,opt6,4,0.01,38.824057817459106
2018-02-28 14:31:21.683128,opt2,4,0.01,0.30873608589172363
2018-02-28 14:31:21.725544,opt3,4,0.01,0.04135704040527344
2018-02-28 14:31:21.781246,opt4,4,0.01,0.05458688735961914
2018-02-28 14:31:22.511123,opt5,4,0.01,0.7288751602172852
2018-02-28 14:31:55.505811,opt6,4,0.01,32.99352502822876
2018-02-28 14:31:55.789699,opt2,4,0.01,0.27944302558898926
2018-02-28 14:31:55.895867,opt3,4,0.01,0.10493206977844238
2018-02-28 14:31:56.001651,opt4,4,0.01,0.10464215278625488
2018-02-28 14:31:56.778310,opt5,4,0.01,0.7755019664764404
2018-02-28 14:32:29.797740,opt6,4,0.01,33.01834583282471
2018-02-28 14:32:30.059288,opt2,4,0.01,0.2580130100250244
2018-02-28 14:32:30.102229,opt3,4,0.01,0.041879892349243164
2018-02-28 14:32:30.197654,opt4,4,0.01,0.09425806999206543
2018-02-28 14:32:30.921328,opt5,4,0.01,0.7224149703979492
2018-02-28 14:32:58.389339,opt6,4,0.01,27.46680212020874
2018-02-28 14:32:58.616584,opt2,4,0.01,0.22319293022155762
2018-02-28 14:32:58.660178,opt3,4,0.01,0.04249095916748047
2018-02-28 14:32:58.773129,opt4,4,0.01,0.11183714866638184
2018-02-28 14:32:59.488920,opt5,4,0.01,0.7144961357116699
2018-02-28 14:33:48.694135,opt6,4,0.01,49.2040011882782
2018-02-28 14:33:49.011757,opt2,4,0.01,0.31399989128112793
2018-02-28 14:33:49.054902,opt3,4,0.01,0.042160987854003906
2018-02-28 14:33:49.167751,opt4,4,0.01,0.11175298690795898
2018-02-28 14:33:49.886011,opt5,4,0.01,0.7172760963439941
2018-02-28 14:34:25.365910,opt6,4,0.01,35.47864580154419
2018-02-28 14:34:25.580185,opt2,4,0.01,0.21014904975891113
2018-02-28 14:34:25.622388,opt3,4,0.01,0.04110002517700195
2018-02-28 14:34:25.787319,opt4,4,0.01,0.16399097442626953
2018-02-28 14:34:26.520553,opt5,4,0.01,0.7322220802307129
2018-02-28 14:35:03.194544,opt6,4,0.01,36.672821044921875
2018-02-28 14:35:03.414682,opt2,4,0.01,0.21648907661437988
2018-02-28 14:35:03.457268,opt3,4,0.01,0.04130101203918457
2018-02-28 14:35:03.551292,opt4,4,0.01,0.09296393394470215
2018-02-28 14:35:04.288075,opt5,4,0.01,0.735565185546875
2018-02-28 14:35:32.313833,opt6,4,0.01,28.0246000289917
2018-02-28 14:35:32.533896,opt2,4,0.01,0.2159409523010254
2018-02-28 14:35:32.581210,opt3,4,0.01,0.046219825744628906
2018-02-28 14:35:32.653065,opt4,4,0.01,0.07083797454833984
2018-02-28 14:35:33.310665,opt5,4,0.01,0.6565630435943604
2018-02-28 14:36:08.195364,opt6,4,0.01,34.883561849594116
2018-02-28 14:36:08.429756,opt2,4,0.01,0.23064112663269043
2018-02-28 14:36:08.470172,opt3,4,0.01,0.039263010025024414
2018-02-28 14:36:08.569075,opt4,4,0.01,0.09775996208190918
2018-02-28 14:36:09.267236,opt5,4,0.01,0.6971049308776855
2018-02-28 14:36:37.758178,opt6,4,0.01,28.489843130111694
2018-02-28 14:36:38.010150,opt2,4,0.01,0.2481520175933838
2018-02-28 14:36:38.050644,opt3,4,0.01,0.0393528938293457
2018-02-28 14:36:38.156188,opt4,4,0.01,0.10446810722351074
2018-02-28 14:36:38.858177,opt5,4,0.01,0.7009789943695068
2018-02-28 14:37:21.507819,opt6,4,0.01,42.648566007614136
2018-02-28 14:37:21.747004,opt2,4,0.01,0.23539400100708008
2018-02-28 14:37:21.803725,opt3,4,0.01,0.05547809600830078
2018-02-28 14:37:21.907865,opt4,4,0.01,0.10295891761779785
2018-02-28 14:37:22.598475,opt5,4,0.01,0.6893730163574219
2018-02-28 14:37:58.001345,opt6,4,0.01,35.40158295631409
2018-02-28 14:37:58.260834,opt2,4,0.01,0.2552921772003174
2018-02-28 14:37:58.308412,opt3,4,0.01,0.04642295837402344
2018-02-28 14:37:58.430321,opt4,4,0.01,0.1208350658416748
2018-02-28 14:37:59.166509,opt5,4,0.01,0.7352268695831299
2018-02-28 14:38:33.273554,opt6,4,0.01,34.10591101646423
2018-02-28 14:38:33.581966,opt2,4,0.01,0.3032259941101074
2018-02-28 14:38:33.637674,opt3,4,0.01,0.054470062255859375
2018-02-28 14:38:33.745899,opt4,4,0.01,0.10703206062316895
2018-02-28 14:38:34.558209,opt5,4,0.01,0.8110260963439941
2018-02-28 14:39:13.427749,opt6,4,0.01,38.86832308769226
2018-02-28 14:39:13.743157,opt2,4,0.01,0.31119799613952637
2018-02-28 14:39:13.784320,opt3,4,0.01,0.04003286361694336
2018-02-28 14:39:13.893680,opt4,4,0.01,0.10829496383666992
2018-02-28 14:39:14.687743,opt5,4,0.01,0.7930130958557129
2018-02-28 14:39:49.155029,opt6,4,0.01,34.46615695953369
2018-02-28 14:39:49.444852,opt2,4,0.01,0.2860908508300781
2018-02-28 14:39:49.495063,opt3,4,0.01,0.04900383949279785
2018-02-28 14:39:49.603098,opt4,4,0.01,0.10692095756530762
2018-02-28 14:39:50.436449,opt5,4,0.01,0.8322160243988037
2018-02-28 14:40:22.560113,opt6,4,0.01,32.12257409095764
2018-02-28 14:40:22.827929,opt2,4,0.01,0.2638862133026123
2018-02-28 14:40:22.873040,opt3,4,0.01,0.04409909248352051
2018-02-28 14:40:22.968662,opt4,4,0.01,0.09460711479187012
2018-02-28 14:40:23.766118,opt5,4,0.01,0.7965459823608398
2018-02-28 14:40:59.513904,opt6,4,0.01,35.74661207199097
2018-02-28 14:40:59.797138,opt2,4,0.01,0.2796809673309326
2018-02-28 14:40:59.839353,opt3,4,0.01,0.04123091697692871
2018-02-28 14:40:59.957049,opt4,4,0.01,0.11678695678710938
2018-02-28 14:41:00.760959,opt5,4,0.01,0.8028099536895752
2018-02-28 14:41:48.742321,opt6,4,0.01,47.98022198677063
2018-02-28 14:41:48.980344,opt2,4,0.01,0.23375487327575684
2018-02-28 14:41:49.031286,opt3,4,0.01,0.049929141998291016
2018-02-28 14:41:49.139538,opt4,4,0.01,0.10724782943725586
2018-02-28 14:41:50.091905,opt5,4,0.01,0.9511070251464844
2018-02-28 14:42:24.642580,opt6,4,0.01,34.54949688911438
2018-02-28 14:42:29.018229,opt2,5,0.01,0.3311779499053955
2018-02-28 14:42:29.068880,opt3,5,0.01,0.04952597618103027
2018-02-28 14:42:29.232758,opt4,5,0.01,0.1625990867614746
2018-02-28 14:42:30.034403,opt5,5,0.01,0.8004529476165771
2018-02-28 14:43:18.577182,opt6,5,0.01,48.541635036468506
2018-02-28 14:43:18.895577,opt2,5,0.01,0.31418395042419434
2018-02-28 14:43:18.951433,opt3,5,0.01,0.05484414100646973
2018-02-28 14:43:19.080222,opt4,5,0.01,0.12775707244873047
2018-02-28 14:43:19.852466,opt5,5,0.01,0.771183967590332
2018-02-28 14:44:11.046620,opt6,5,0.01,51.19306802749634
2018-02-28 14:44:11.364870,opt2,5,0.01,0.3142549991607666
2018-02-28 14:44:11.416791,opt3,5,0.01,0.05078697204589844
2018-02-28 14:44:11.526858,opt4,5,0.01,0.10904383659362793
2018-02-28 14:44:12.352009,opt5,5,0.01,0.8241269588470459
2018-02-28 14:45:15.245460,opt6,5,0.01,62.892247915267944
2018-02-28 14:45:15.622707,opt2,5,0.01,0.37297797203063965
2018-02-28 14:45:15.673479,opt3,5,0.01,0.0495760440826416
2018-02-28 14:45:15.740335,opt4,5,0.01,0.0657801628112793
2018-02-28 14:45:16.457933,opt5,5,0.01,0.7164480686187744
2018-02-28 14:46:04.612358,opt6,5,0.01,48.15325593948364
2018-02-28 14:46:04.980043,opt2,5,0.01,0.36408400535583496
2018-02-28 14:46:05.057619,opt3,5,0.01,0.07651996612548828
2018-02-28 14:46:05.171766,opt4,5,0.01,0.11292791366577148
2018-02-28 14:46:06.112652,opt5,5,0.01,0.9399728775024414
2018-02-28 14:46:56.105172,opt6,5,0.01,49.99136805534363
2018-02-28 14:46:56.498577,opt2,5,0.01,0.3883979320526123
2018-02-28 14:46:56.548319,opt3,5,0.01,0.04867696762084961
2018-02-28 14:46:56.664337,opt4,5,0.01,0.11495804786682129
2018-02-28 14:46:57.507048,opt5,5,0.01,0.8415849208831787
2018-02-28 14:47:58.546663,opt6,5,0.01,61.038447856903076
2018-02-28 14:47:58.906567,opt2,5,0.01,0.35565900802612305
2018-02-28 14:47:58.958916,opt3,5,0.01,0.0512239933013916
2018-02-28 14:47:59.095980,opt4,5,0.01,0.13604998588562012
2018-02-28 14:47:59.965683,opt5,5,0.01,0.8685760498046875
2018-02-28 14:48:59.213892,opt6,5,0.01,59.2471821308136
2018-02-28 14:48:59.611016,opt2,5,0.01,0.39302992820739746
2018-02-28 14:48:59.661747,opt3,5,0.01,0.04953908920288086
2018-02-28 14:48:59.777911,opt4,5,0.01,0.11512494087219238
2018-02-28 14:49:00.526017,opt5,5,0.01,0.7469680309295654
2018-02-28 14:49:48.828620,opt6,5,0.01,48.30139708518982
2018-02-28 14:49:49.252898,opt2,5,0.01,0.4182100296020508
2018-02-28 14:49:49.320290,opt3,5,0.01,0.06624293327331543
2018-02-28 14:49:49.479591,opt4,5,0.01,0.15803790092468262
2018-02-28 14:49:50.295821,opt5,5,0.01,0.8151121139526367
2018-02-28 14:50:39.930596,opt6,5,0.01,49.63362503051758
2018-02-28 14:50:40.266706,opt2,5,0.01,0.3320198059082031
2018-02-28 14:50:40.315277,opt3,5,0.01,0.04751086235046387
2018-02-28 14:50:40.417796,opt4,5,0.01,0.10149097442626953
2018-02-28 14:50:41.192138,opt5,5,0.01,0.7732710838317871
2018-02-28 14:51:30.561226,opt6,5,0.01,49.36794114112854
2018-02-28 14:51:30.924176,opt2,5,0.01,0.35929203033447266
2018-02-28 14:51:30.982058,opt3,5,0.01,0.056839942932128906
2018-02-28 14:51:31.097522,opt4,5,0.01,0.11443901062011719
2018-02-28 14:51:31.967982,opt5,5,0.01,0.8694279193878174
2018-02-28 14:52:25.581146,opt6,5,0.01,53.61213278770447
2018-02-28 14:52:25.879447,opt2,5,0.01,0.2940828800201416
2018-02-28 14:52:25.929512,opt3,5,0.01,0.049009084701538086
2018-02-28 14:52:26.004838,opt4,5,0.01,0.07416605949401855
2018-02-28 14:52:26.784453,opt5,5,0.01,0.7786619663238525
2018-02-28 14:53:18.266637,opt6,5,0.01,51.48110008239746
2018-02-28 14:53:18.680154,opt2,5,0.01,0.4060029983520508
2018-02-28 14:53:18.744840,opt3,5,0.01,0.06360197067260742
2018-02-28 14:53:18.826450,opt4,5,0.01,0.08068585395812988
2018-02-28 14:53:19.773678,opt5,5,0.01,0.9462630748748779
2018-02-28 14:54:10.398976,opt6,5,0.01,50.62414002418518
2018-02-28 14:54:10.755360,opt2,5,0.01,0.3521130084991455
2018-02-28 14:54:10.804708,opt3,5,0.01,0.04831409454345703
2018-02-28 14:54:10.929869,opt4,5,0.01,0.12420988082885742
2018-02-28 14:54:11.783275,opt5,5,0.01,0.8523550033569336
2018-02-28 14:55:13.623741,opt6,5,0.01,61.83932304382324
2018-02-28 14:55:13.881012,opt2,5,0.01,0.25275611877441406
2018-02-28 14:55:13.930956,opt3,5,0.01,0.04884982109069824
2018-02-28 14:55:14.052708,opt4,5,0.01,0.12058186531066895
2018-02-28 14:55:14.815731,opt5,5,0.01,0.7618310451507568
2018-02-28 14:56:02.833378,opt6,5,0.01,48.0165159702301
2018-02-28 14:56:03.139186,opt2,5,0.01,0.30170202255249023
2018-02-28 14:56:03.193686,opt3,5,0.01,0.053359031677246094
2018-02-28 14:56:03.304599,opt4,5,0.01,0.1095588207244873
2018-02-28 14:56:04.112281,opt5,5,0.01,0.8065378665924072
2018-02-28 14:56:55.078928,opt6,5,0.01,50.96538686752319
2018-02-28 14:56:55.416948,opt2,5,0.01,0.33351707458496094
2018-02-28 14:56:55.469322,opt3,5,0.01,0.05115389823913574
2018-02-28 14:56:55.587417,opt4,5,0.01,0.11695194244384766
2018-02-28 14:56:56.383604,opt5,5,0.01,0.7951059341430664
2018-02-28 14:58:02.883171,opt6,5,0.01,66.49855494499207
2018-02-28 14:58:03.274426,opt2,5,0.01,0.3836638927459717
2018-02-28 14:58:03.346558,opt3,5,0.01,0.07087588310241699
2018-02-28 14:58:03.468157,opt4,5,0.01,0.12042498588562012
2018-02-28 14:58:04.232380,opt5,5,0.01,0.7630391120910645
2018-02-28 14:58:58.465256,opt6,5,0.01,54.23167419433594
2018-02-28 14:58:58.801261,opt2,5,0.01,0.3320779800415039
2018-02-28 14:58:58.849318,opt3,5,0.01,0.04681992530822754
2018-02-28 14:58:58.988363,opt4,5,0.01,0.13794994354248047
2018-02-28 14:58:59.790038,opt5,5,0.01,0.8006470203399658
2018-02-28 14:59:46.018850,opt6,5,0.01,46.22767686843872
2018-02-28 14:59:46.350187,opt2,5,0.01,0.32704687118530273
2018-02-28 14:59:46.397120,opt3,5,0.01,0.04590797424316406
2018-02-28 14:59:46.518545,opt4,5,0.01,0.12046003341674805
2018-02-28 14:59:47.480528,opt5,5,0.01,0.9609198570251465
2018-02-28 15:00:36.767324,opt6,5,0.01,49.28566002845764
2018-02-28 15:00:40.710854,opt2,6,0.01,0.4289059638977051
2018-02-28 15:00:40.777463,opt3,6,0.01,0.06543993949890137
2018-02-28 15:00:40.899106,opt4,6,0.01,0.12056708335876465
2018-02-28 15:00:41.796686,opt5,6,0.01,0.8964359760284424
2018-02-28 15:02:04.147210,opt6,6,0.01,82.34942412376404
2018-02-28 15:02:04.583704,opt2,6,0.01,0.43206787109375
2018-02-28 15:02:04.639814,opt3,6,0.01,0.05495095252990723
2018-02-28 15:02:04.788672,opt4,6,0.01,0.14780902862548828
2018-02-28 15:02:05.905215,opt5,6,0.01,1.1154448986053467
2018-02-28 15:03:13.307026,opt6,6,0.01,67.40049910545349
2018-02-28 15:03:13.672943,opt2,6,0.01,0.36160707473754883
2018-02-28 15:03:13.739981,opt3,6,0.01,0.06591510772705078
2018-02-28 15:03:13.888647,opt4,6,0.01,0.14763092994689941
2018-02-28 15:03:14.843256,opt5,6,0.01,0.9533140659332275
2018-02-28 15:04:32.661847,opt6,6,0.01,77.81744909286499
2018-02-28 15:04:33.052861,opt2,6,0.01,0.3857581615447998
2018-02-28 15:04:33.111436,opt3,6,0.01,0.05741405487060547
2018-02-28 15:04:33.208384,opt4,6,0.01,0.09580492973327637
2018-02-28 15:04:34.076042,opt5,6,0.01,0.8665499687194824
2018-02-28 15:05:52.552932,opt6,6,0.01,78.47563695907593
2018-02-28 15:05:52.915834,opt2,6,0.01,0.3587820529937744
2018-02-28 15:05:53.015086,opt3,6,0.01,0.09834122657775879
2018-02-28 15:05:53.149639,opt4,6,0.01,0.1334550380706787
2018-02-28 15:05:53.957203,opt5,6,0.01,0.8064830303192139
2018-02-28 15:07:16.173509,opt6,6,0.01,82.21532607078552
2018-02-28 15:07:16.591989,opt2,6,0.01,0.4141418933868408
2018-02-28 15:07:16.671835,opt3,6,0.01,0.07876300811767578
2018-02-28 15:07:16.789027,opt4,6,0.01,0.11605000495910645
2018-02-28 15:07:17.758908,opt5,6,0.01,0.968878984451294
2018-02-28 15:08:34.472430,opt6,6,0.01,76.71241998672485
2018-02-28 15:08:34.871789,opt2,6,0.01,0.39473700523376465
2018-02-28 15:08:34.929557,opt3,6,0.01,0.05649590492248535
2018-02-28 15:08:35.048527,opt4,6,0.01,0.11795902252197266
2018-02-28 15:08:35.773836,opt5,6,0.01,0.7241930961608887
2018-02-28 15:10:12.648109,opt6,6,0.01,96.8730731010437
2018-02-28 15:10:13.073490,opt2,6,0.01,0.4208791255950928
2018-02-28 15:10:13.132066,opt3,6,0.01,0.05742812156677246
2018-02-28 15:10:13.261454,opt4,6,0.01,0.1284639835357666
2018-02-28 15:10:14.292224,opt5,6,0.01,1.0297460556030273
2018-02-28 15:11:45.216973,opt6,6,0.01,90.92361092567444
2018-02-28 15:11:45.575242,opt2,6,0.01,0.35396385192871094
2018-02-28 15:11:45.634384,opt3,6,0.01,0.058053016662597656
2018-02-28 15:11:45.753153,opt4,6,0.01,0.11760997772216797
2018-02-28 15:11:46.757496,opt5,6,0.01,1.0032658576965332
2018-02-28 15:12:57.335245,opt6,6,0.01,70.57661318778992
2018-02-28 15:12:57.880922,opt2,6,0.01,0.5394201278686523
2018-02-28 15:12:57.960867,opt3,6,0.01,0.07888317108154297
2018-02-28 15:12:58.081204,opt4,6,0.01,0.11924219131469727
2018-02-28 15:12:59.015838,opt5,6,0.01,0.9335031509399414
2018-02-28 15:14:08.856973,opt6,6,0.01,69.83996510505676
2018-02-28 15:14:09.204825,opt2,6,0.01,0.34351015090942383
2018-02-28 15:14:09.266009,opt3,6,0.01,0.060170888900756836
2018-02-28 15:14:09.395586,opt4,6,0.01,0.12859416007995605
2018-02-28 15:14:10.272069,opt5,6,0.01,0.875446081161499
2018-02-28 15:15:19.119725,opt6,6,0.01,68.84641599655151
2018-02-28 15:15:19.554639,opt2,6,0.01,0.4304220676422119
2018-02-28 15:15:19.617111,opt3,6,0.01,0.06138014793395996
2018-02-28 15:15:19.755204,opt4,6,0.01,0.1372220516204834
2018-02-28 15:15:20.721995,opt5,6,0.01,0.9658379554748535
2018-02-28 15:16:28.104274,opt6,6,0.01,67.38110494613647
2018-02-28 15:16:28.491225,opt2,6,0.01,0.3826408386230469
2018-02-28 15:16:28.552090,opt3,6,0.01,0.059700965881347656
2018-02-28 15:16:28.685565,opt4,6,0.01,0.13243913650512695
2018-02-28 15:16:29.652778,opt5,6,0.01,0.9660680294036865
2018-02-28 15:17:40.819565,opt6,6,0.01,71.16544103622437
2018-02-28 15:17:41.302168,opt2,6,0.01,0.47803306579589844
2018-02-28 15:17:41.362185,opt3,6,0.01,0.058946847915649414
2018-02-28 15:17:41.507930,opt4,6,0.01,0.14461207389831543
2018-02-28 15:17:42.383932,opt5,6,0.01,0.8748869895935059
2018-02-28 15:18:52.616928,opt6,6,0.01,70.23185586929321
2018-02-28 15:18:53.017118,opt2,6,0.01,0.3952040672302246
2018-02-28 15:18:53.100859,opt3,6,0.01,0.08243298530578613
2018-02-28 15:18:53.215031,opt4,6,0.01,0.11300110816955566
2018-02-28 15:18:54.092618,opt5,6,0.01,0.8762259483337402
2018-02-28 15:20:02.392874,opt6,6,0.01,68.29907083511353
2018-02-28 15:20:02.775584,opt2,6,0.01,0.3784608840942383
2018-02-28 15:20:02.834469,opt3,6,0.01,0.057756900787353516
2018-02-28 15:20:02.963837,opt4,6,0.01,0.1283249855041504
2018-02-28 15:20:03.750490,opt5,6,0.01,0.7855429649353027
2018-02-28 15:21:51.872577,opt6,6,0.01,108.12093091011047
2018-02-28 15:21:52.366402,opt2,6,0.01,0.4888269901275635
2018-02-28 15:21:52.443191,opt3,6,0.01,0.07566094398498535
2018-02-28 15:21:52.559727,opt4,6,0.01,0.11529707908630371
2018-02-28 15:21:53.498457,opt5,6,0.01,0.9376339912414551
2018-02-28 15:22:56.621278,opt6,6,0.01,63.12175703048706
2018-02-28 15:22:57.158044,opt2,6,0.01,0.5286409854888916
2018-02-28 15:22:57.297683,opt3,6,0.01,0.1385970115661621
2018-02-28 15:22:57.458312,opt4,6,0.01,0.15963101387023926
2018-02-28 15:22:58.321349,opt5,6,0.01,0.8620860576629639
2018-02-28 15:24:25.130458,opt6,6,0.01,86.80771589279175
2018-02-28 15:24:25.499942,opt2,6,0.01,0.364926815032959
2018-02-28 15:24:25.570995,opt3,6,0.01,0.0699608325958252
2018-02-28 15:24:25.705254,opt4,6,0.01,0.13324189186096191
2018-02-28 15:24:26.583044,opt5,6,0.01,0.8768329620361328
2018-02-28 15:25:52.381125,opt6,6,0.01,85.79701209068298
2018-02-28 15:25:52.745385,opt2,6,0.01,0.3603060245513916
2018-02-28 15:25:52.854926,opt3,6,0.01,0.10856890678405762
2018-02-28 15:25:52.975296,opt4,6,0.01,0.11945199966430664
2018-02-28 15:25:53.760971,opt5,6,0.01,0.7845668792724609
2018-02-28 15:27:14.438888,opt6,6,0.01,80.67680883407593
2018-02-28 15:27:18.001307,opt2,7,0.01,0.4268620014190674
2018-02-28 15:27:18.066864,opt3,7,0.01,0.06444311141967773
2018-02-28 15:27:18.186385,opt4,7,0.01,0.1184239387512207
2018-02-28 15:27:19.949439,opt5,7,0.01,1.762091875076294
2018-02-28 15:28:52.362516,opt6,7,0.01,92.4120020866394
2018-02-28 15:28:52.814360,opt2,7,0.01,0.4474649429321289
2018-02-28 15:28:52.885160,opt3,7,0.01,0.06963610649108887
2018-02-28 15:28:53.032553,opt4,7,0.01,0.14635109901428223
2018-02-28 15:28:54.842516,opt5,7,0.01,1.8088419437408447
2018-02-28 15:30:53.514926,opt6,7,0.01,118.67102408409119
2018-02-28 15:30:53.921341,opt2,7,0.01,0.4020349979400635
2018-02-28 15:30:53.989196,opt3,7,0.01,0.06680583953857422
2018-02-28 15:30:54.136358,opt4,7,0.01,0.1460099220275879
2018-02-28 15:30:56.081671,opt5,7,0.01,1.9441218376159668
2018-02-28 15:33:01.929028,opt6,7,0.01,125.84607791900635
2018-02-28 15:33:02.412584,opt2,7,0.01,0.4788510799407959
2018-02-28 15:33:02.532873,opt3,7,0.01,0.11907410621643066
2018-02-28 15:33:02.693566,opt4,7,0.01,0.15967488288879395
2018-02-28 15:33:04.688632,opt5,7,0.01,1.9938998222351074
2018-02-28 15:34:38.641826,opt6,7,0.01,93.95191097259521
2018-02-28 15:34:39.101736,opt2,7,0.01,0.4556090831756592
2018-02-28 15:34:39.172238,opt3,7,0.01,0.06933903694152832
2018-02-28 15:34:39.290513,opt4,7,0.01,0.11734199523925781
2018-02-28 15:34:41.211050,opt5,7,0.01,1.9193789958953857
2018-02-28 15:36:18.827012,opt6,7,0.01,97.61475992202759
2018-02-28 15:36:19.280355,opt2,7,0.01,0.44901418685913086
2018-02-28 15:36:19.347998,opt3,7,0.01,0.06655311584472656
2018-02-28 15:36:19.476290,opt4,7,0.01,0.12727594375610352
2018-02-28 15:36:21.554988,opt5,7,0.01,2.0776050090789795
2018-02-28 15:37:53.603569,opt6,7,0.01,92.0474009513855
2018-02-28 15:37:54.097888,opt2,7,0.01,0.49010300636291504
2018-02-28 15:37:54.184912,opt3,7,0.01,0.08594393730163574
2018-02-28 15:37:54.261987,opt4,7,0.01,0.0759880542755127
2018-02-28 15:37:56.089307,opt5,7,0.01,1.8261799812316895
2018-02-28 15:39:34.516406,opt6,7,0.01,98.42596888542175
2018-02-28 15:39:35.089435,opt2,7,0.01,0.5654840469360352
2018-02-28 15:39:35.194596,opt3,7,0.01,0.10396695137023926
2018-02-28 15:39:35.364947,opt4,7,0.01,0.1691138744354248
2018-02-28 15:39:37.429034,opt5,7,0.01,2.0628879070281982
2018-02-28 15:41:07.899394,opt6,7,0.01,90.46910190582275
2018-02-28 15:41:08.573895,opt2,7,0.01,0.6690521240234375
2018-02-28 15:41:08.638663,opt3,7,0.01,0.06365013122558594
2018-02-28 15:41:08.746237,opt4,7,0.01,0.10657000541687012
2018-02-28 15:41:10.233797,opt5,7,0.01,1.4865450859069824
2018-02-28 15:42:59.848874,opt6,7,0.01,109.61391687393188
2018-02-28 15:43:00.281059,opt2,7,0.01,0.42692089080810547
2018-02-28 15:43:00.358335,opt3,7,0.01,0.0760350227355957
2018-02-28 15:43:00.505153,opt4,7,0.01,0.14542412757873535
2018-02-28 15:43:02.579790,opt5,7,0.01,2.0731899738311768
2018-02-28 15:44:32.084538,opt6,7,0.01,89.50351309776306
2018-02-28 15:44:32.507862,opt2,7,0.01,0.41867899894714355
2018-02-28 15:44:32.573612,opt3,7,0.01,0.06434011459350586
2018-02-28 15:44:32.677044,opt4,7,0.01,0.10237908363342285
2018-02-28 15:44:34.528678,opt5,7,0.01,1.8506920337677002
2018-02-28 15:46:17.155154,opt6,7,0.01,102.6251790523529
2018-02-28 15:46:17.605960,opt2,7,0.01,0.44652795791625977
2018-02-28 15:46:17.671619,opt3,7,0.01,0.0644540786743164
2018-02-28 15:46:17.816443,opt4,7,0.01,0.1437990665435791
2018-02-28 15:46:19.622400,opt5,7,0.01,1.8049089908599854
2018-02-28 15:48:03.036118,opt6,7,0.01,103.4124801158905
2018-02-28 15:48:03.537224,opt2,7,0.01,0.4966440200805664
2018-02-28 15:48:03.602676,opt3,7,0.01,0.06436586380004883
2018-02-28 15:48:03.736420,opt4,7,0.01,0.132720947265625
2018-02-28 15:48:05.779597,opt5,7,0.01,2.04217791557312
2018-02-28 15:51:53.921771,opt6,7,0.01,228.1411509513855
2018-02-28 15:51:54.436101,opt2,7,0.01,0.5099911689758301
2018-02-28 15:51:54.512223,opt3,7,0.01,0.0749821662902832
2018-02-28 15:51:54.729249,opt4,7,0.01,0.21594619750976562
2018-02-28 15:51:56.889194,opt5,7,0.01,2.1588728427886963
2018-02-28 15:53:34.349153,opt6,7,0.01,97.45875692367554
2018-02-28 15:53:34.777868,opt2,7,0.01,0.4241499900817871
2018-02-28 15:53:34.852699,opt3,7,0.01,0.07390308380126953
2018-02-28 15:53:34.976503,opt4,7,0.01,0.12294483184814453
2018-02-28 15:53:37.090823,opt5,7,0.01,2.113341808319092
2018-02-28 15:55:28.468192,opt6,7,0.01,111.37631583213806
2018-02-28 15:55:28.957789,opt2,7,0.01,0.4849710464477539
2018-02-28 15:55:29.028330,opt3,7,0.01,0.06938385963439941
2018-02-28 15:55:29.137326,opt4,7,0.01,0.10788393020629883
2018-02-28 15:55:30.596672,opt5,7,0.01,1.4582300186157227
2018-02-28 15:57:06.085263,opt6,7,0.01,95.48749899864197
2018-02-28 15:57:06.680446,opt2,7,0.01,0.5886099338531494
2018-02-28 15:57:06.776202,opt3,7,0.01,0.09467196464538574
2018-02-28 15:57:06.891232,opt4,7,0.01,0.1139070987701416
2018-02-28 15:57:08.776663,opt5,7,0.01,1.884364128112793
2018-02-28 15:58:47.422591,opt6,7,0.01,98.64464712142944
2018-02-28 15:58:47.993350,opt2,7,0.01,0.5644910335540771
2018-02-28 15:58:48.103488,opt3,7,0.01,0.10882210731506348
2018-02-28 15:58:48.243400,opt4,7,0.01,0.13867902755737305
2018-02-28 15:58:50.301256,opt5,7,0.01,2.0565929412841797
2018-02-28 16:00:27.064851,opt6,7,0.01,96.76219391822815
2018-02-28 16:00:27.460533,opt2,7,0.01,0.3910970687866211
2018-02-28 16:00:27.526935,opt3,7,0.01,0.0652608871459961
2018-02-28 16:00:27.650537,opt4,7,0.01,0.1225271224975586
2018-02-28 16:00:29.375600,opt5,7,0.01,1.7239429950714111
2018-02-28 16:02:10.732578,opt6,7,0.01,101.35574889183044
2018-02-28 16:02:11.186016,opt2,7,0.01,0.44898104667663574
2018-02-28 16:02:11.253711,opt3,7,0.01,0.06657695770263672
2018-02-28 16:02:11.331019,opt4,7,0.01,0.07603693008422852
2018-02-28 16:02:13.301289,opt5,7,0.01,1.9691839218139648
2018-02-28 16:04:36.400102,opt6,7,0.01,143.0975799560547
2018-02-28 16:04:39.886460,opt2,8,0.01,0.6535489559173584
2018-02-28 16:04:39.958633,opt3,8,0.01,0.07108592987060547
2018-02-28 16:04:40.089198,opt4,8,0.01,0.1294419765472412
2018-02-28 16:06:58.050510,opt5,8,0.01,137.96000719070435
2018-02-28 16:09:17.103910,opt6,8,0.01,139.05110001564026
2018-02-28 16:09:17.663968,opt2,8,0.01,0.5554239749908447
2018-02-28 16:09:17.739091,opt3,8,0.01,0.07424592971801758
2018-02-28 16:09:17.849533,opt4,8,0.01,0.10961079597473145
2018-02-28 16:11:28.686095,opt5,8,0.01,130.83573603630066
